[
{
    "fields": {
        "model": "logentry",
        "name": "log entry",
        "app_label": "admin"
    },
    "model": "contenttypes.contenttype",
    "pk": 1
},
{
    "fields": {
        "model": "permission",
        "name": "permission",
        "app_label": "auth"
    },
    "model": "contenttypes.contenttype",
    "pk": 2
},
{
    "fields": {
        "model": "group",
        "name": "group",
        "app_label": "auth"
    },
    "model": "contenttypes.contenttype",
    "pk": 3
},
{
    "fields": {
        "model": "user",
        "name": "user",
        "app_label": "auth"
    },
    "model": "contenttypes.contenttype",
    "pk": 4
},
{
    "fields": {
        "model": "contenttype",
        "name": "content type",
        "app_label": "contenttypes"
    },
    "model": "contenttypes.contenttype",
    "pk": 5
},
{
    "fields": {
        "model": "session",
        "name": "session",
        "app_label": "sessions"
    },
    "model": "contenttypes.contenttype",
    "pk": 6
},
{
    "fields": {
        "model": "student",
        "name": "student",
        "app_label": "students"
    },
    "model": "contenttypes.contenttype",
    "pk": 7
},
{
    "fields": {
        "model": "group",
        "name": "\u0413\u0440\u0443\u043f\u0430",
        "app_label": "students"
    },
    "model": "contenttypes.contenttype",
    "pk": 8
},
{
    "fields": {
        "model": "exam",
        "name": "\u0415\u043a\u0437\u0430\u043c\u0435\u043d",
        "app_label": "students"
    },
    "model": "contenttypes.contenttype",
    "pk": 11
},
{
    "fields": {
        "model": "monthjournal",
        "name": "\u041c\u0456\u0441\u044f\u0447\u043d\u0438\u0439 \u0436\u0443\u0440\u043d\u0430\u043b",
        "app_label": "students"
    },
    "model": "contenttypes.contenttype",
    "pk": 13
},
{
    "fields": {
        "model": "teacher",
        "name": "\u0412\u0438\u043a\u043b\u0430\u0434\u0430\u0447",
        "app_label": "students"
    },
    "model": "contenttypes.contenttype",
    "pk": 14
},
{
    "fields": {
        "expire_date": "2014-12-05T21:48:17Z",
        "session_data": "MGZhM2YzOTgzZWVlMjNhYjVlMGM3YzFmMmFiOGZhMTlhZjJlN2E2MTp7Il9hdXRoX3VzZXJfaGFzaCI6ImI2NTczNmQ1YWZjYmZhZDhkMTZjZTkwZjEzOTM5Mjk4ZGZlMjM3OWYiLCJfYXV0aF91c2VyX2JhY2tlbmQiOiJkamFuZ28uY29udHJpYi5hdXRoLmJhY2tlbmRzLk1vZGVsQmFja2VuZCIsIl9hdXRoX3VzZXJfaWQiOjF9"
    },
    "model": "sessions.session",
    "pk": "2y67wje7xq0pg5c6bo95p228nzjhfqy0"
},
{
    "fields": {
        "expire_date": "2015-04-03T08:52:25Z",
        "session_data": "YmYyYzQ4N2M3NGYwMTk3MzBkMmJlODAxYTQ4OTA1M2RkNzRlOTQwMjp7Il9hdXRoX3VzZXJfaGFzaCI6IjgyY2FlNzRiMzM2NjEyOTJlNjAxMDczMWYyNWFmMWRmZDc1MjhiODgiLCJfYXV0aF91c2VyX2JhY2tlbmQiOiJkamFuZ28uY29udHJpYi5hdXRoLmJhY2tlbmRzLk1vZGVsQmFja2VuZCIsIl9hdXRoX3VzZXJfaWQiOjF9"
    },
    "model": "sessions.session",
    "pk": "58jt3aapo3ffxny1q4m4fptmwadvcy7s"
},
{
    "fields": {
        "expire_date": "2015-05-04T14:30:41Z",
        "session_data": "YmYyYzQ4N2M3NGYwMTk3MzBkMmJlODAxYTQ4OTA1M2RkNzRlOTQwMjp7Il9hdXRoX3VzZXJfaGFzaCI6IjgyY2FlNzRiMzM2NjEyOTJlNjAxMDczMWYyNWFmMWRmZDc1MjhiODgiLCJfYXV0aF91c2VyX2JhY2tlbmQiOiJkamFuZ28uY29udHJpYi5hdXRoLmJhY2tlbmRzLk1vZGVsQmFja2VuZCIsIl9hdXRoX3VzZXJfaWQiOjF9"
    },
    "model": "sessions.session",
    "pk": "8ry17zhujhj0gda8tkj2rnw0fqap2j7f"
},
{
    "fields": {
        "expire_date": "2015-09-14T07:15:43Z",
        "session_data": "YmYyYzQ4N2M3NGYwMTk3MzBkMmJlODAxYTQ4OTA1M2RkNzRlOTQwMjp7Il9hdXRoX3VzZXJfaGFzaCI6IjgyY2FlNzRiMzM2NjEyOTJlNjAxMDczMWYyNWFmMWRmZDc1MjhiODgiLCJfYXV0aF91c2VyX2JhY2tlbmQiOiJkamFuZ28uY29udHJpYi5hdXRoLmJhY2tlbmRzLk1vZGVsQmFja2VuZCIsIl9hdXRoX3VzZXJfaWQiOjF9"
    },
    "model": "sessions.session",
    "pk": "a2w636ll6v6mnuqmjoidvtcx3bdclbc9"
},
{
    "fields": {
        "expire_date": "2015-03-14T16:14:51Z",
        "session_data": "MGZhM2YzOTgzZWVlMjNhYjVlMGM3YzFmMmFiOGZhMTlhZjJlN2E2MTp7Il9hdXRoX3VzZXJfaGFzaCI6ImI2NTczNmQ1YWZjYmZhZDhkMTZjZTkwZjEzOTM5Mjk4ZGZlMjM3OWYiLCJfYXV0aF91c2VyX2JhY2tlbmQiOiJkamFuZ28uY29udHJpYi5hdXRoLmJhY2tlbmRzLk1vZGVsQmFja2VuZCIsIl9hdXRoX3VzZXJfaWQiOjF9"
    },
    "model": "sessions.session",
    "pk": "bap7ayutwh8z5dqat6bdrfejr1j1uig7"
},
{
    "fields": {
        "expire_date": "2015-06-01T20:50:43Z",
        "session_data": "YmYyYzQ4N2M3NGYwMTk3MzBkMmJlODAxYTQ4OTA1M2RkNzRlOTQwMjp7Il9hdXRoX3VzZXJfaGFzaCI6IjgyY2FlNzRiMzM2NjEyOTJlNjAxMDczMWYyNWFmMWRmZDc1MjhiODgiLCJfYXV0aF91c2VyX2JhY2tlbmQiOiJkamFuZ28uY29udHJpYi5hdXRoLmJhY2tlbmRzLk1vZGVsQmFja2VuZCIsIl9hdXRoX3VzZXJfaWQiOjF9"
    },
    "model": "sessions.session",
    "pk": "ktbpb1lvbfkpdqbgekcdar4zjlyt4egu"
},
{
    "fields": {
        "expire_date": "2015-10-01T08:46:23Z",
        "session_data": "MGExMjVlNWVhZDJmNTYyZmFhZGYzMzI5MjkyZjdhYjYyNGU3ODkzZjp7fQ=="
    },
    "model": "sessions.session",
    "pk": "o25sd7bak6lnttspgburggvq1durfbgc"
},
{
    "fields": {
        "expire_date": "2015-06-19T09:15:00Z",
        "session_data": "YmYyYzQ4N2M3NGYwMTk3MzBkMmJlODAxYTQ4OTA1M2RkNzRlOTQwMjp7Il9hdXRoX3VzZXJfaGFzaCI6IjgyY2FlNzRiMzM2NjEyOTJlNjAxMDczMWYyNWFmMWRmZDc1MjhiODgiLCJfYXV0aF91c2VyX2JhY2tlbmQiOiJkamFuZ28uY29udHJpYi5hdXRoLmJhY2tlbmRzLk1vZGVsQmFja2VuZCIsIl9hdXRoX3VzZXJfaWQiOjF9"
    },
    "model": "sessions.session",
    "pk": "r58q843scrjgtxnh6pakhlcxjkwlgkwx"
},
{
    "fields": {
        "expire_date": "2015-10-26T21:56:33Z",
        "session_data": "YmYyYzQ4N2M3NGYwMTk3MzBkMmJlODAxYTQ4OTA1M2RkNzRlOTQwMjp7Il9hdXRoX3VzZXJfaGFzaCI6IjgyY2FlNzRiMzM2NjEyOTJlNjAxMDczMWYyNWFmMWRmZDc1MjhiODgiLCJfYXV0aF91c2VyX2JhY2tlbmQiOiJkamFuZ28uY29udHJpYi5hdXRoLmJhY2tlbmRzLk1vZGVsQmFja2VuZCIsIl9hdXRoX3VzZXJfaWQiOjF9"
    },
    "model": "sessions.session",
    "pk": "smwviamw6uppjvkzb1zpsgfyyoyng72a"
},
{
    "fields": {
        "first_name": "\u0412\u0430\u043b\u0435\u043d\u0442\u0438\u043d",
        "last_name": "\u041d\u043e\u0432\u0430\u043a",
        "middle_name": "",
        "photo": "./me.jpg",
        "notes": "",
        "student_group": 5,
        "birthday": "2015-03-11",
        "ticket": "306"
    },
    "model": "students.student",
    "pk": 1
},
{
    "fields": {
        "first_name": "\u041d\u0430\u0437\u0430\u0440 ",
        "last_name": "\u041c\u0435\u043b\u044c\u043d\u0438\u0447\u0443\u043a",
        "middle_name": "",
        "photo": "",
        "notes": "",
        "student_group": 6,
        "birthday": "2015-03-10",
        "ticket": "312"
    },
    "model": "students.student",
    "pk": 3
},
{
    "fields": {
        "first_name": "\u041b\u044e\u0431\u043e\u043c\u0438\u0440",
        "last_name": "\u041e\u043f\u0430\u043d\u043e\u0432\u0438\u0447",
        "middle_name": "",
        "photo": "./lubko.jpg",
        "notes": "",
        "student_group": 6,
        "birthday": "2015-03-01",
        "ticket": "315"
    },
    "model": "students.student",
    "pk": 4
},
{
    "fields": {
        "first_name": "\u0411\u043e\u0433\u0434\u0430\u043d",
        "last_name": "\u042f\u0432\u043e\u0440\u0456\u0432\u0441\u044c\u043a\u0438\u0439",
        "middle_name": "asdasd",
        "photo": "./test.jpg",
        "notes": "",
        "student_group": 6,
        "birthday": "1992-12-12",
        "ticket": "311"
    },
    "model": "students.student",
    "pk": 13
},
{
    "fields": {
        "first_name": "\u041e\u043b\u044f",
        "last_name": "\u0411\u0443\u0440\u0430",
        "middle_name": "",
        "photo": "",
        "notes": "",
        "student_group": 5,
        "birthday": "2017-01-10",
        "ticket": "301"
    },
    "model": "students.student",
    "pk": 14
},
{
    "fields": {
        "first_name": "\u041f\u0435\u0442\u0440\u043e",
        "last_name": "\u0421\u043c\u0456\u0448\u043d\u0438\u0439",
        "middle_name": "",
        "photo": "",
        "notes": "",
        "student_group": 6,
        "birthday": "1988-09-11",
        "ticket": "317"
    },
    "model": "students.student",
    "pk": 15
},
{
    "fields": {
        "first_name": "\u041f\u0435\u0442\u0440\u043e",
        "last_name": "\u041d\u0435\u0441\u043c\u0456\u0448\u043d\u0438\u0439",
        "middle_name": "",
        "photo": "",
        "notes": "",
        "student_group": 6,
        "birthday": "1988-12-12",
        "ticket": "313"
    },
    "model": "students.student",
    "pk": 16
},
{
    "fields": {
        "first_name": "\u0406\u0433\u043e\u0440",
        "last_name": "\u041f\u0440\u043e\u0449\u0443\u043a",
        "middle_name": "",
        "photo": "./taras.jpg",
        "notes": "\u0422\u0430\u0440\u0430\u0441 - \u043a\u043b\u0430\u0441\u043d\u0438\u0439 \u043c\u0443\u0436\u0438\u043a )",
        "student_group": 6,
        "birthday": "1994-06-08",
        "ticket": "314"
    },
    "model": "students.student",
    "pk": 17
},
{
    "fields": {
        "first_name": "\u0406\u0433\u043e\u0440",
        "last_name": "\u041d\u0430\u043b\u0438\u0432\u0430\u0439\u0447\u0435\u043d\u043a\u043e",
        "middle_name": "",
        "photo": "",
        "notes": "\u041d\u043e\u0440\u043c \u0442\u0456\u043f )",
        "student_group": 6,
        "birthday": "1995-09-02",
        "ticket": "316"
    },
    "model": "students.student",
    "pk": 18
},
{
    "fields": {
        "first_name": "\u0422\u0430\u0440\u0430\u0441",
        "last_name": "\u041b\u0435\u0441\u0456\u0432 ",
        "middle_name": "",
        "photo": "",
        "notes": "",
        "student_group": 5,
        "birthday": "1988-10-05",
        "ticket": "305"
    },
    "model": "students.student",
    "pk": 19
},
{
    "fields": {
        "first_name": "\u0420\u043e\u043c\u0430\u043d",
        "last_name": "\u0412\u043e\u0432\u043a",
        "middle_name": "",
        "photo": "",
        "notes": "",
        "student_group": 7,
        "birthday": "1992-12-12",
        "ticket": "321"
    },
    "model": "students.student",
    "pk": 20
},
{
    "fields": {
        "first_name": "\u0410\u0434\u0440\u0456\u0430\u043d",
        "last_name": "\u042f\u0432\u043e\u0440\u0441\u044c\u043a\u0438\u0439",
        "middle_name": "",
        "photo": "",
        "notes": "",
        "student_group": 7,
        "birthday": "1995-11-12",
        "ticket": "322"
    },
    "model": "students.student",
    "pk": 22
},
{
    "fields": {
        "first_name": "\u0420\u043e\u043c\u0430\u043d",
        "last_name": "\u0411\u043e\u0440\u043e\u0432\u0435\u0446\u044c",
        "middle_name": "",
        "photo": "",
        "notes": "",
        "student_group": 3,
        "birthday": "1992-12-12",
        "ticket": "303"
    },
    "model": "students.student",
    "pk": 23
},
{
    "fields": {
        "first_name": "\u0410\u043d\u043d\u0430",
        "last_name": "\u0413\u0430\u043c\u043e\u0440\u0430",
        "middle_name": "",
        "photo": "",
        "notes": "",
        "student_group": 5,
        "birthday": "1988-10-05",
        "ticket": "304"
    },
    "model": "students.student",
    "pk": 25
},
{
    "fields": {
        "first_name": "\u0415\u043c\u0456\u043b",
        "last_name": "\u0421\u0438\u0432\u043d\u0456\u0439",
        "middle_name": "asdasd",
        "photo": "./test.jpg",
        "notes": "",
        "student_group": 5,
        "birthday": "1992-12-12",
        "ticket": "307"
    },
    "model": "students.student",
    "pk": 26
},
{
    "fields": {
        "first_name": "\u041f\u0430\u0432\u043b\u043e",
        "last_name": "\u0428\u0438\u043d\u0430\u043b\u044c",
        "middle_name": "",
        "photo": "",
        "notes": "",
        "student_group": 7,
        "birthday": "2015-10-20",
        "ticket": "323"
    },
    "model": "students.student",
    "pk": 27
},
{
    "fields": {
        "first_name": "\u041c\u0438\u043a\u043e\u043b\u0430",
        "last_name": "\u042f\u0440\u0435\u043c\u0447\u0443\u043a",
        "middle_name": "",
        "photo": "",
        "notes": "",
        "student_group": 7,
        "birthday": "1995-11-11",
        "ticket": "324"
    },
    "model": "students.student",
    "pk": 28
},
{
    "fields": {
        "first_name": "\u0411\u043e\u0433\u0434\u0430\u043d",
        "last_name": "\u0422\u043a\u0430\u0447",
        "middle_name": "",
        "photo": "",
        "notes": "",
        "student_group": 7,
        "birthday": "1994-10-08",
        "ticket": "325"
    },
    "model": "students.student",
    "pk": 29
},
{
    "fields": {
        "first_name": "\u0411\u043e\u0433\u0434\u0430\u043d",
        "last_name": "\u041d\u043e\u0432\u043e\u0441\u0430\u0434",
        "middle_name": "",
        "photo": "",
        "notes": "",
        "student_group": 7,
        "birthday": "1994-01-01",
        "ticket": "326"
    },
    "model": "students.student",
    "pk": 30
},
{
    "fields": {
        "first_name": "\u0421\u0435\u0440\u0433\u0456\u0439",
        "last_name": "\u0414\u0430\u0445\u043d\u0456\u0439",
        "middle_name": "1994-10-26",
        "photo": "",
        "notes": "",
        "student_group": 7,
        "birthday": "1994-10-27",
        "ticket": "327"
    },
    "model": "students.student",
    "pk": 31
},
{
    "fields": {
        "first_name": "\u0420\u043e\u043c\u0430\u043d",
        "last_name": "\u0411\u043e\u0440\u043e\u0432\u0435\u0446\u044c",
        "middle_name": "",
        "photo": "",
        "notes": "",
        "student_group": 3,
        "birthday": "1996-10-10",
        "ticket": "201"
    },
    "model": "students.student",
    "pk": 32
},
{
    "fields": {
        "first_name": "\u041c\u0430\u0440\u0438\u043d\u0430",
        "last_name": "\u041f\u0430\u0449\u0435\u043d\u043a\u043e",
        "middle_name": "",
        "photo": "",
        "notes": "",
        "student_group": 3,
        "birthday": "1997-10-10",
        "ticket": "202"
    },
    "model": "students.student",
    "pk": 33
},
{
    "fields": {
        "first_name": "\u0413\u0430\u043b\u0438\u043d\u0430",
        "last_name": "\u0421\u0442\u0430\u0445\u043e\u0432\u0430",
        "middle_name": "",
        "photo": "",
        "notes": "",
        "student_group": 3,
        "birthday": "1997-11-11",
        "ticket": "203"
    },
    "model": "students.student",
    "pk": 34
},
{
    "fields": {
        "first_name": "\u0411\u043e\u0433\u0434\u0430\u043d",
        "last_name": "\u0420\u0435\u0432\u0435\u043d\u043e\u043a",
        "middle_name": "",
        "photo": "",
        "notes": "",
        "student_group": 2,
        "birthday": "1998-11-19",
        "ticket": "211"
    },
    "model": "students.student",
    "pk": 35
},
{
    "fields": {
        "first_name": "\u041e\u043b\u0435\u043d\u0430",
        "last_name": "\u0428\u0430\u043f\u0456\u0440\u043e",
        "middle_name": "",
        "photo": "",
        "notes": "",
        "student_group": 2,
        "birthday": "1993-01-01",
        "ticket": "212"
    },
    "model": "students.student",
    "pk": 36
},
{
    "fields": {
        "first_name": "\u0410\u043d\u043d\u0430",
        "last_name": "\u0413\u0430\u043c\u043e\u0440\u0430",
        "middle_name": "",
        "photo": "",
        "notes": "",
        "student_group": 2,
        "birthday": "1994-11-12",
        "ticket": "213"
    },
    "model": "students.student",
    "pk": 37
},
{
    "fields": {
        "first_name": "\u0420\u043e\u043c\u0430\u043d",
        "last_name": "\u0411\u0435\u043a\u0435\u0440\u0441\u044c\u043a\u0438\u0439",
        "middle_name": "",
        "photo": "",
        "notes": "",
        "student_group": 10,
        "birthday": "1995-12-11",
        "ticket": "231"
    },
    "model": "students.student",
    "pk": 38
},
{
    "fields": {
        "first_name": "\u041b\u044e\u0431\u043e\u043c\u0438\u0440",
        "last_name": "\u0421\u0456\u043a\u043e\u0440\u0430",
        "middle_name": "",
        "photo": "",
        "notes": "",
        "student_group": 10,
        "birthday": "1954-11-11",
        "ticket": "232"
    },
    "model": "students.student",
    "pk": 39
},
{
    "fields": {
        "first_name": "\u0406\u0433\u043e\u0440",
        "last_name": "\u041d\u0435\u043c\u0438\u0442\u0438\u0439",
        "middle_name": "",
        "photo": "",
        "notes": "",
        "student_group": 10,
        "birthday": "1987-11-12",
        "ticket": "233"
    },
    "model": "students.student",
    "pk": 40
},
{
    "fields": {
        "first_name": "\u041e\u0441\u0442\u0430\u043f",
        "last_name": "\u0413\u0430\u0432\u0440\u0438\u043b\u044e\u043a",
        "middle_name": "",
        "photo": "",
        "notes": "",
        "student_group": 8,
        "birthday": "2015-10-20",
        "ticket": "401"
    },
    "model": "students.student",
    "pk": 41
},
{
    "fields": {
        "first_name": "\u041c\u0438\u043a\u043e\u043b\u0430",
        "last_name": "\u041f\u043e\u0445\u0443\u0434\u0430\u0439",
        "middle_name": "",
        "photo": "",
        "notes": "",
        "student_group": 8,
        "birthday": "2015-10-14",
        "ticket": "402"
    },
    "model": "students.student",
    "pk": 42
},
{
    "fields": {
        "first_name": "\u0422\u0430\u0440\u0430\u0441",
        "last_name": "\u041e\u0441\u0430\u0434\u0446\u0430",
        "middle_name": "",
        "photo": "",
        "notes": "",
        "student_group": 8,
        "birthday": "1986-02-02",
        "ticket": "403"
    },
    "model": "students.student",
    "pk": 43
},
{
    "fields": {
        "first_name": "\u0412\u0430\u0441\u0438\u043b\u044c ",
        "last_name": "\u0421\u0438\u043c\u043e\u043d\u0435\u043d\u043a\u043e",
        "middle_name": "",
        "photo": "",
        "notes": "",
        "student_group": 9,
        "birthday": "2015-10-20",
        "ticket": "411"
    },
    "model": "students.student",
    "pk": 44
},
{
    "fields": {
        "first_name": "\u0410\u043d\u0434\u0440\u0456\u0439",
        "last_name": "\u041a\u043e\u043f\u043e\u043b\u043e\u0432\u0435\u0446\u044c",
        "middle_name": "",
        "photo": "",
        "notes": "",
        "student_group": 9,
        "birthday": "2015-10-20",
        "ticket": "412"
    },
    "model": "students.student",
    "pk": 45
},
{
    "fields": {
        "first_name": "\u0422\u0430\u0440\u0430\u0441 ",
        "last_name": "\u0411\u0435\u0437\u043f\u0430\u043b\u044c\u043a\u043e",
        "middle_name": "",
        "photo": "",
        "notes": "",
        "student_group": 9,
        "birthday": "2015-10-20",
        "ticket": "413"
    },
    "model": "students.student",
    "pk": 46
},
{
    "fields": {
        "first_name": "\u041e\u043b\u0435\u0433",
        "last_name": "\u0411\u0430\u0446\u0438\u043a",
        "middle_name": "",
        "photo": "",
        "notes": "",
        "student_group": 4,
        "birthday": "2015-10-20",
        "ticket": "421"
    },
    "model": "students.student",
    "pk": 47
},
{
    "fields": {
        "first_name": "\u0412\u043e\u043b\u043e\u0434\u0438\u043c\u0438\u0440",
        "last_name": "\u0411\u0430\u0441",
        "middle_name": "",
        "photo": "",
        "notes": "",
        "student_group": 4,
        "birthday": "1982-10-09",
        "ticket": "422"
    },
    "model": "students.student",
    "pk": 48
},
{
    "fields": {
        "first_name": "\u0406\u043b\u043b\u044f",
        "last_name": "\u041f\u0440\u0438\u0439\u043c\u0430",
        "middle_name": "",
        "photo": "",
        "notes": "",
        "student_group": 4,
        "birthday": "2015-10-20",
        "ticket": "413"
    },
    "model": "students.student",
    "pk": 49
},
{
    "fields": {
        "first_name": "\u0425\u0440\u0438\u0441\u0442\u0438\u043d\u0430",
        "last_name": "\u0424\u0435\u0434\u0438\u0448\u0438\u043d",
        "middle_name": "",
        "photo": "",
        "notes": "",
        "student_group": 8,
        "birthday": "2015-10-08",
        "ticket": "404"
    },
    "model": "students.student",
    "pk": 50
},
{
    "fields": {
        "first_name": "\u0420\u043e\u043c\u0430\u043d",
        "last_name": "\u0412\u0435\u043b\u0438\u043a\u0438\u0439",
        "middle_name": "",
        "photo": "",
        "notes": "",
        "student_group": 7,
        "birthday": "2015-10-09",
        "ticket": "21312"
    },
    "model": "students.student",
    "pk": 51
},
{
    "fields": {
        "first_name": "Vitaliy",
        "last_name": "Podoba",
        "middle_name": "",
        "photo": "",
        "notes": "",
        "student_group": 2,
        "birthday": "2015-11-05",
        "ticket": "234"
    },
    "model": "students.student",
    "pk": 52
},
{
    "fields": {
        "first_name": "Vitay",
        "last_name": "Poda",
        "middle_name": "",
        "photo": "",
        "notes": "",
        "student_group": 2,
        "birthday": "2015-11-05",
        "ticket": "2334"
    },
    "model": "students.student",
    "pk": 53
},
{
    "fields": {
        "notes": "",
        "leader": 35,
        "title": "\u041a\u041d-21"
    },
    "model": "students.group",
    "pk": 2
},
{
    "fields": {
        "notes": "",
        "leader": 23,
        "title": "\u041a\u041d-20"
    },
    "model": "students.group",
    "pk": 3
},
{
    "fields": {
        "notes": "",
        "leader": 49,
        "title": "\u041a\u041d-42"
    },
    "model": "students.group",
    "pk": 4
},
{
    "fields": {
        "notes": "",
        "leader": 14,
        "title": "\u041a\u041d-30"
    },
    "model": "students.group",
    "pk": 5
},
{
    "fields": {
        "notes": "",
        "leader": 3,
        "title": "\u041a\u041d-31"
    },
    "model": "students.group",
    "pk": 6
},
{
    "fields": {
        "notes": "",
        "leader": 27,
        "title": "\u041a\u041d-32"
    },
    "model": "students.group",
    "pk": 7
},
{
    "fields": {
        "notes": "",
        "leader": 43,
        "title": "\u041a\u041d-40"
    },
    "model": "students.group",
    "pk": 8
},
{
    "fields": {
        "notes": "",
        "leader": 45,
        "title": "\u041a\u041d-41"
    },
    "model": "students.group",
    "pk": 9
},
{
    "fields": {
        "notes": "",
        "leader": 39,
        "title": "\u041a\u041d-23"
    },
    "model": "students.group",
    "pk": 10
},
{
    "fields": {
        "date": "2015-05-11T16:00:00Z",
        "exam_teacher": 3,
        "notes": "",
        "name": "\u0422\u0435\u043e\u0440\u0456\u044f \u043f\u0440\u0438\u0439\u043d\u044f\u0442\u0442\u044f \u0440\u0456\u0448\u0435\u043d\u044c",
        "groups": 5
    },
    "model": "students.exam",
    "pk": 9
},
{
    "fields": {
        "date": "2015-12-11T12:10:00Z",
        "exam_teacher": 4,
        "notes": "",
        "name": "\u041e\u0431'\u0454\u043a\u0442\u043d\u043e-\u043e\u0440\u0456\u0454\u043d\u0442\u043e\u0432\u0430\u043d\u0435 \u043f\u0440\u043e\u0433\u0440\u0430\u043c\u0443\u0432\u0430\u043d\u043d\u044f",
        "groups": 3
    },
    "model": "students.exam",
    "pk": 16
},
{
    "fields": {
        "date": "2015-12-10T14:15:00Z",
        "exam_teacher": 6,
        "notes": "",
        "name": "\u041f\u0440\u043e\u0431\u043b\u0435\u043c\u043d\u043e-\u043e\u0440\u0456\u0454\u043d\u0442\u043e\u0432\u0430\u043d\u0435 \u043f\u0440\u043e\u0433\u0440\u0430\u043c\u0443\u0432\u0430\u043d\u043d\u044f",
        "groups": 3
    },
    "model": "students.exam",
    "pk": 17
},
{
    "fields": {
        "date": "2015-12-23T12:10:00Z",
        "exam_teacher": 5,
        "notes": "",
        "name": "\u0422\u0435\u043e\u0440\u0435\u0442\u0438\u0447\u043d\u0456 \u043e\u0441\u043d\u043e\u0432\u0438 \u0443\u043f\u0440\u0430\u0432\u043b\u0456\u043d\u043d\u044f",
        "groups": 6
    },
    "model": "students.exam",
    "pk": 18
},
{
    "fields": {
        "date": "2015-12-26T10:20:00Z",
        "exam_teacher": 1,
        "notes": "",
        "name": "\u041c\u043e\u0434\u0435\u043b\u044e\u0432\u0430\u043d\u043d\u044f \u0441\u0438\u0441\u0442\u0435\u043c\u0438",
        "groups": 6
    },
    "model": "students.exam",
    "pk": 19
},
{
    "fields": {
        "date": "2015-12-28T08:30:00Z",
        "exam_teacher": 9,
        "notes": "",
        "name": "\u0426\u0438\u0444\u0440\u043e\u0432\u0430 \u043e\u0431\u0440\u043e\u0431\u043a\u0430 \u0441\u0438\u0433\u043d\u0430\u043b\u0456\u0432",
        "groups": 8
    },
    "model": "students.exam",
    "pk": 20
},
{
    "fields": {
        "date": "2015-12-22T12:10:00Z",
        "exam_teacher": 10,
        "notes": "",
        "name": "\u0411\u0430\u0437\u0438 \u0434\u0430\u043d\u0438\u0445",
        "groups": 2
    },
    "model": "students.exam",
    "pk": 21
},
{
    "fields": {
        "date": "2015-10-22T14:15:00Z",
        "exam_teacher": 1,
        "notes": "",
        "name": "\u041c\u0430\u0442\u0435\u043c\u0430\u0442\u0438\u0447\u043d\u0456 \u043c\u0435\u0442\u043e\u0434\u0438 \u0434\u043e\u0441\u043b\u0456\u0434\u0436\u0435\u043d\u043d\u044f \u043e\u043f\u0435\u0440\u0430\u0446\u0456\u0439",
        "groups": 10
    },
    "model": "students.exam",
    "pk": 23
},
{
    "fields": {
        "date": "2015-12-25T08:32:00Z",
        "exam_teacher": 2,
        "notes": "",
        "name": "\u0406\u043d\u0442\u0435\u043b\u0435\u043a\u0442\u0443\u0430\u043b\u044c\u043d\u0438\u0439 \u0430\u043d\u0430\u043b\u0456\u0437 \u0434\u0430\u043d\u0438\u0445",
        "groups": 7
    },
    "model": "students.exam",
    "pk": 24
},
{
    "fields": {
        "date": "2015-10-30T14:15:00Z",
        "exam_teacher": 8,
        "notes": "",
        "name": "\u0421\u0438\u0441\u0442\u0435\u043c\u043d\u0438\u0439 \u0430\u043d\u0430\u043b\u0456\u0437",
        "groups": 9
    },
    "model": "students.exam",
    "pk": 25
},
{
    "fields": {
        "date": "2015-10-01",
        "present_day21": false,
        "present_day20": false,
        "present_day23": false,
        "present_day22": false,
        "present_day25": false,
        "present_day24": false,
        "present_day27": false,
        "present_day26": false,
        "present_day29": false,
        "present_day28": false,
        "present_day8": false,
        "present_day9": true,
        "present_day2": false,
        "present_day3": true,
        "present_day1": false,
        "present_day6": true,
        "present_day7": true,
        "present_day4": false,
        "present_day5": false,
        "present_day18": false,
        "present_day19": false,
        "student": 14,
        "present_day10": false,
        "present_day11": false,
        "present_day12": true,
        "present_day13": false,
        "present_day14": true,
        "present_day15": false,
        "present_day16": false,
        "present_day17": false,
        "present_day30": false,
        "present_day31": false
    },
    "model": "students.monthjournal",
    "pk": 1
},
{
    "fields": {
        "date": "2015-10-01",
        "present_day21": false,
        "present_day20": false,
        "present_day23": false,
        "present_day22": false,
        "present_day25": false,
        "present_day24": false,
        "present_day27": false,
        "present_day26": false,
        "present_day29": false,
        "present_day28": false,
        "present_day8": false,
        "present_day9": true,
        "present_day2": false,
        "present_day3": false,
        "present_day1": false,
        "present_day6": true,
        "present_day7": false,
        "present_day4": false,
        "present_day5": false,
        "present_day18": false,
        "present_day19": false,
        "student": 23,
        "present_day10": false,
        "present_day11": false,
        "present_day12": false,
        "present_day13": true,
        "present_day14": false,
        "present_day15": false,
        "present_day16": false,
        "present_day17": false,
        "present_day30": false,
        "present_day31": false
    },
    "model": "students.monthjournal",
    "pk": 2
},
{
    "fields": {
        "date": "2015-10-01",
        "present_day21": false,
        "present_day20": false,
        "present_day23": false,
        "present_day22": false,
        "present_day25": false,
        "present_day24": false,
        "present_day27": false,
        "present_day26": false,
        "present_day29": false,
        "present_day28": false,
        "present_day8": false,
        "present_day9": true,
        "present_day2": false,
        "present_day3": false,
        "present_day1": true,
        "present_day6": false,
        "present_day7": false,
        "present_day4": false,
        "present_day5": false,
        "present_day18": false,
        "present_day19": false,
        "student": 25,
        "present_day10": true,
        "present_day11": false,
        "present_day12": true,
        "present_day13": true,
        "present_day14": false,
        "present_day15": false,
        "present_day16": false,
        "present_day17": false,
        "present_day30": false,
        "present_day31": false
    },
    "model": "students.monthjournal",
    "pk": 3
},
{
    "fields": {
        "date": "2015-10-01",
        "present_day21": false,
        "present_day20": false,
        "present_day23": false,
        "present_day22": false,
        "present_day25": false,
        "present_day24": false,
        "present_day27": false,
        "present_day26": false,
        "present_day29": false,
        "present_day28": false,
        "present_day8": false,
        "present_day9": true,
        "present_day2": false,
        "present_day3": false,
        "present_day1": true,
        "present_day6": true,
        "present_day7": false,
        "present_day4": false,
        "present_day5": false,
        "present_day18": false,
        "present_day19": false,
        "student": 19,
        "present_day10": false,
        "present_day11": true,
        "present_day12": false,
        "present_day13": false,
        "present_day14": false,
        "present_day15": false,
        "present_day16": false,
        "present_day17": false,
        "present_day30": false,
        "present_day31": false
    },
    "model": "students.monthjournal",
    "pk": 4
},
{
    "fields": {
        "date": "2015-10-01",
        "present_day21": false,
        "present_day20": true,
        "present_day23": false,
        "present_day22": false,
        "present_day25": false,
        "present_day24": false,
        "present_day27": false,
        "present_day26": false,
        "present_day29": false,
        "present_day28": false,
        "present_day8": false,
        "present_day9": true,
        "present_day2": false,
        "present_day3": false,
        "present_day1": false,
        "present_day6": false,
        "present_day7": false,
        "present_day4": false,
        "present_day5": false,
        "present_day18": false,
        "present_day19": false,
        "student": 1,
        "present_day10": false,
        "present_day11": false,
        "present_day12": true,
        "present_day13": false,
        "present_day14": false,
        "present_day15": false,
        "present_day16": false,
        "present_day17": true,
        "present_day30": false,
        "present_day31": false
    },
    "model": "students.monthjournal",
    "pk": 6
},
{
    "fields": {
        "date": "2015-11-01",
        "present_day21": false,
        "present_day20": false,
        "present_day23": false,
        "present_day22": false,
        "present_day25": false,
        "present_day24": false,
        "present_day27": false,
        "present_day26": false,
        "present_day29": false,
        "present_day28": false,
        "present_day8": false,
        "present_day9": false,
        "present_day2": false,
        "present_day3": false,
        "present_day1": false,
        "present_day6": false,
        "present_day7": false,
        "present_day4": false,
        "present_day5": false,
        "present_day18": false,
        "present_day19": false,
        "student": 23,
        "present_day10": false,
        "present_day11": false,
        "present_day12": false,
        "present_day13": false,
        "present_day14": false,
        "present_day15": false,
        "present_day16": false,
        "present_day17": false,
        "present_day30": false,
        "present_day31": false
    },
    "model": "students.monthjournal",
    "pk": 8
},
{
    "fields": {
        "date": "2016-01-01",
        "present_day21": false,
        "present_day20": false,
        "present_day23": false,
        "present_day22": false,
        "present_day25": false,
        "present_day24": false,
        "present_day27": false,
        "present_day26": false,
        "present_day29": false,
        "present_day28": false,
        "present_day8": false,
        "present_day9": false,
        "present_day2": false,
        "present_day3": false,
        "present_day1": false,
        "present_day6": true,
        "present_day7": false,
        "present_day4": false,
        "present_day5": false,
        "present_day18": false,
        "present_day19": false,
        "student": 23,
        "present_day10": false,
        "present_day11": false,
        "present_day12": false,
        "present_day13": false,
        "present_day14": false,
        "present_day15": false,
        "present_day16": false,
        "present_day17": false,
        "present_day30": false,
        "present_day31": false
    },
    "model": "students.monthjournal",
    "pk": 9
},
{
    "fields": {
        "date": "2016-01-01",
        "present_day21": false,
        "present_day20": false,
        "present_day23": false,
        "present_day22": false,
        "present_day25": false,
        "present_day24": false,
        "present_day27": false,
        "present_day26": false,
        "present_day29": false,
        "present_day28": false,
        "present_day8": false,
        "present_day9": false,
        "present_day2": false,
        "present_day3": false,
        "present_day1": false,
        "present_day6": false,
        "present_day7": false,
        "present_day4": false,
        "present_day5": false,
        "present_day18": false,
        "present_day19": false,
        "student": 25,
        "present_day10": false,
        "present_day11": false,
        "present_day12": false,
        "present_day13": false,
        "present_day14": false,
        "present_day15": false,
        "present_day16": false,
        "present_day17": false,
        "present_day30": false,
        "present_day31": false
    },
    "model": "students.monthjournal",
    "pk": 11
},
{
    "fields": {
        "date": "2016-01-01",
        "present_day21": false,
        "present_day20": false,
        "present_day23": false,
        "present_day22": false,
        "present_day25": false,
        "present_day24": false,
        "present_day27": false,
        "present_day26": false,
        "present_day29": false,
        "present_day28": false,
        "present_day8": false,
        "present_day9": false,
        "present_day2": false,
        "present_day3": false,
        "present_day1": false,
        "present_day6": false,
        "present_day7": false,
        "present_day4": false,
        "present_day5": false,
        "present_day18": false,
        "present_day19": false,
        "student": 1,
        "present_day10": false,
        "present_day11": false,
        "present_day12": false,
        "present_day13": false,
        "present_day14": false,
        "present_day15": false,
        "present_day16": false,
        "present_day17": false,
        "present_day30": false,
        "present_day31": false
    },
    "model": "students.monthjournal",
    "pk": 12
},
{
    "fields": {
        "date": "2016-01-01",
        "present_day21": false,
        "present_day20": false,
        "present_day23": false,
        "present_day22": false,
        "present_day25": false,
        "present_day24": false,
        "present_day27": false,
        "present_day26": false,
        "present_day29": false,
        "present_day28": false,
        "present_day8": false,
        "present_day9": false,
        "present_day2": false,
        "present_day3": false,
        "present_day1": false,
        "present_day6": false,
        "present_day7": false,
        "present_day4": false,
        "present_day5": false,
        "present_day18": false,
        "present_day19": false,
        "student": 14,
        "present_day10": false,
        "present_day11": false,
        "present_day12": false,
        "present_day13": false,
        "present_day14": false,
        "present_day15": false,
        "present_day16": false,
        "present_day17": false,
        "present_day30": false,
        "present_day31": false
    },
    "model": "students.monthjournal",
    "pk": 13
},
{
    "fields": {
        "date": "2016-01-01",
        "present_day21": false,
        "present_day20": false,
        "present_day23": false,
        "present_day22": false,
        "present_day25": false,
        "present_day24": false,
        "present_day27": false,
        "present_day26": false,
        "present_day29": false,
        "present_day28": false,
        "present_day8": false,
        "present_day9": false,
        "present_day2": false,
        "present_day3": false,
        "present_day1": false,
        "present_day6": true,
        "present_day7": false,
        "present_day4": false,
        "present_day5": false,
        "present_day18": false,
        "present_day19": false,
        "student": 19,
        "present_day10": false,
        "present_day11": false,
        "present_day12": false,
        "present_day13": false,
        "present_day14": false,
        "present_day15": false,
        "present_day16": false,
        "present_day17": false,
        "present_day30": false,
        "present_day31": false
    },
    "model": "students.monthjournal",
    "pk": 14
},
{
    "fields": {
        "date": "2016-02-01",
        "present_day21": false,
        "present_day20": false,
        "present_day23": false,
        "present_day22": false,
        "present_day25": false,
        "present_day24": false,
        "present_day27": false,
        "present_day26": false,
        "present_day29": false,
        "present_day28": false,
        "present_day8": false,
        "present_day9": false,
        "present_day2": false,
        "present_day3": false,
        "present_day1": false,
        "present_day6": true,
        "present_day7": false,
        "present_day4": false,
        "present_day5": false,
        "present_day18": false,
        "present_day19": false,
        "student": 17,
        "present_day10": false,
        "present_day11": false,
        "present_day12": false,
        "present_day13": false,
        "present_day14": false,
        "present_day15": false,
        "present_day16": false,
        "present_day17": false,
        "present_day30": false,
        "present_day31": false
    },
    "model": "students.monthjournal",
    "pk": 15
},
{
    "fields": {
        "date": "2016-02-01",
        "present_day21": false,
        "present_day20": false,
        "present_day23": false,
        "present_day22": false,
        "present_day25": false,
        "present_day24": false,
        "present_day27": false,
        "present_day26": false,
        "present_day29": false,
        "present_day28": false,
        "present_day8": false,
        "present_day9": false,
        "present_day2": false,
        "present_day3": false,
        "present_day1": false,
        "present_day6": false,
        "present_day7": false,
        "present_day4": false,
        "present_day5": false,
        "present_day18": false,
        "present_day19": false,
        "student": 3,
        "present_day10": true,
        "present_day11": false,
        "present_day12": false,
        "present_day13": false,
        "present_day14": false,
        "present_day15": false,
        "present_day16": false,
        "present_day17": false,
        "present_day30": false,
        "present_day31": false
    },
    "model": "students.monthjournal",
    "pk": 16
},
{
    "fields": {
        "date": "2016-02-01",
        "present_day21": false,
        "present_day20": false,
        "present_day23": false,
        "present_day22": false,
        "present_day25": false,
        "present_day24": false,
        "present_day27": false,
        "present_day26": false,
        "present_day29": false,
        "present_day28": false,
        "present_day8": false,
        "present_day9": false,
        "present_day2": false,
        "present_day3": false,
        "present_day1": false,
        "present_day6": false,
        "present_day7": false,
        "present_day4": false,
        "present_day5": false,
        "present_day18": false,
        "present_day19": false,
        "student": 26,
        "present_day10": false,
        "present_day11": false,
        "present_day12": false,
        "present_day13": false,
        "present_day14": true,
        "present_day15": false,
        "present_day16": false,
        "present_day17": false,
        "present_day30": false,
        "present_day31": false
    },
    "model": "students.monthjournal",
    "pk": 17
},
{
    "fields": {
        "date": "2015-10-01",
        "present_day21": false,
        "present_day20": false,
        "present_day23": false,
        "present_day22": false,
        "present_day25": false,
        "present_day24": false,
        "present_day27": false,
        "present_day26": false,
        "present_day29": false,
        "present_day28": false,
        "present_day8": false,
        "present_day9": false,
        "present_day2": false,
        "present_day3": false,
        "present_day1": false,
        "present_day6": false,
        "present_day7": false,
        "present_day4": false,
        "present_day5": true,
        "present_day18": false,
        "present_day19": false,
        "student": 13,
        "present_day10": false,
        "present_day11": false,
        "present_day12": false,
        "present_day13": false,
        "present_day14": false,
        "present_day15": false,
        "present_day16": false,
        "present_day17": true,
        "present_day30": false,
        "present_day31": false
    },
    "model": "students.monthjournal",
    "pk": 18
},
{
    "fields": {
        "date": "2015-10-01",
        "present_day21": false,
        "present_day20": false,
        "present_day23": false,
        "present_day22": false,
        "present_day25": false,
        "present_day24": false,
        "present_day27": false,
        "present_day26": false,
        "present_day29": false,
        "present_day28": false,
        "present_day8": false,
        "present_day9": false,
        "present_day2": false,
        "present_day3": false,
        "present_day1": false,
        "present_day6": false,
        "present_day7": false,
        "present_day4": false,
        "present_day5": false,
        "present_day18": false,
        "present_day19": false,
        "student": 17,
        "present_day10": false,
        "present_day11": true,
        "present_day12": false,
        "present_day13": false,
        "present_day14": false,
        "present_day15": false,
        "present_day16": false,
        "present_day17": false,
        "present_day30": false,
        "present_day31": false
    },
    "model": "students.monthjournal",
    "pk": 19
},
{
    "fields": {
        "date": "2015-10-01",
        "present_day21": false,
        "present_day20": true,
        "present_day23": false,
        "present_day22": false,
        "present_day25": false,
        "present_day24": false,
        "present_day27": false,
        "present_day26": false,
        "present_day29": false,
        "present_day28": false,
        "present_day8": true,
        "present_day9": false,
        "present_day2": false,
        "present_day3": false,
        "present_day1": false,
        "present_day6": false,
        "present_day7": false,
        "present_day4": false,
        "present_day5": false,
        "present_day18": false,
        "present_day19": true,
        "student": 26,
        "present_day10": false,
        "present_day11": false,
        "present_day12": false,
        "present_day13": false,
        "present_day14": false,
        "present_day15": false,
        "present_day16": false,
        "present_day17": false,
        "present_day30": false,
        "present_day31": false
    },
    "model": "students.monthjournal",
    "pk": 20
},
{
    "fields": {
        "date": "2015-10-01",
        "present_day21": false,
        "present_day20": false,
        "present_day23": false,
        "present_day22": false,
        "present_day25": false,
        "present_day24": false,
        "present_day27": false,
        "present_day26": false,
        "present_day29": false,
        "present_day28": false,
        "present_day8": false,
        "present_day9": false,
        "present_day2": false,
        "present_day3": false,
        "present_day1": false,
        "present_day6": false,
        "present_day7": false,
        "present_day4": false,
        "present_day5": false,
        "present_day18": false,
        "present_day19": false,
        "student": 4,
        "present_day10": false,
        "present_day11": false,
        "present_day12": true,
        "present_day13": false,
        "present_day14": false,
        "present_day15": false,
        "present_day16": false,
        "present_day17": false,
        "present_day30": false,
        "present_day31": false
    },
    "model": "students.monthjournal",
    "pk": 21
},
{
    "fields": {
        "date": "2015-10-01",
        "present_day21": false,
        "present_day20": false,
        "present_day23": false,
        "present_day22": false,
        "present_day25": false,
        "present_day24": false,
        "present_day27": false,
        "present_day26": false,
        "present_day29": false,
        "present_day28": false,
        "present_day8": true,
        "present_day9": false,
        "present_day2": false,
        "present_day3": false,
        "present_day1": false,
        "present_day6": false,
        "present_day7": false,
        "present_day4": false,
        "present_day5": false,
        "present_day18": false,
        "present_day19": false,
        "student": 36,
        "present_day10": true,
        "present_day11": true,
        "present_day12": false,
        "present_day13": false,
        "present_day14": false,
        "present_day15": false,
        "present_day16": false,
        "present_day17": false,
        "present_day30": false,
        "present_day31": false
    },
    "model": "students.monthjournal",
    "pk": 22
},
{
    "fields": {
        "date": "2015-10-01",
        "present_day21": false,
        "present_day20": false,
        "present_day23": false,
        "present_day22": false,
        "present_day25": false,
        "present_day24": false,
        "present_day27": false,
        "present_day26": false,
        "present_day29": false,
        "present_day28": false,
        "present_day8": false,
        "present_day9": false,
        "present_day2": false,
        "present_day3": false,
        "present_day1": false,
        "present_day6": true,
        "present_day7": true,
        "present_day4": false,
        "present_day5": false,
        "present_day18": false,
        "present_day19": false,
        "student": 33,
        "present_day10": false,
        "present_day11": false,
        "present_day12": false,
        "present_day13": false,
        "present_day14": false,
        "present_day15": false,
        "present_day16": false,
        "present_day17": false,
        "present_day30": false,
        "present_day31": false
    },
    "model": "students.monthjournal",
    "pk": 23
},
{
    "fields": {
        "date": "2015-10-01",
        "present_day21": false,
        "present_day20": false,
        "present_day23": false,
        "present_day22": false,
        "present_day25": false,
        "present_day24": false,
        "present_day27": false,
        "present_day26": false,
        "present_day29": false,
        "present_day28": false,
        "present_day8": false,
        "present_day9": true,
        "present_day2": false,
        "present_day3": false,
        "present_day1": false,
        "present_day6": false,
        "present_day7": false,
        "present_day4": false,
        "present_day5": false,
        "present_day18": false,
        "present_day19": false,
        "student": 32,
        "present_day10": false,
        "present_day11": false,
        "present_day12": false,
        "present_day13": false,
        "present_day14": false,
        "present_day15": false,
        "present_day16": false,
        "present_day17": false,
        "present_day30": false,
        "present_day31": false
    },
    "model": "students.monthjournal",
    "pk": 24
},
{
    "fields": {
        "first_name": "\u041e\u043b\u0435\u043a\u0441\u0430\u043d\u0434\u0440",
        "last_name": "\u041a\u0443\u0437\u044c\u043c\u0456\u043d",
        "middle_name": "",
        "photo": "",
        "birthday": "1945-11-11",
        "subject": "\u041f\u043b\u0430\u043d\u0443\u0432\u0430\u043d\u043d\u044f \u0435\u043a\u0441\u043f\u0435\u0440\u0438\u043c\u0435\u043d\u0442\u0456\u0432, \u041c\u043e\u0434\u0435\u043b\u044e\u0432\u0430\u043d\u043d\u044f \u0441\u0438\u0441\u0442\u0435\u043c"
    },
    "model": "students.teacher",
    "pk": 1
},
{
    "fields": {
        "first_name": "\u042f\u0440\u043e\u0441\u043b\u0430\u0432",
        "last_name": "\u041a\u043e\u0432\u0456\u0432\u0447\u0430\u043a",
        "middle_name": "",
        "photo": "",
        "birthday": "1960-10-10",
        "subject": "\u0406\u043d\u0444\u043e\u0440\u043c\u0430\u0446\u0456\u0439\u043d\u0438\u0439 \u0430\u043d\u0430\u043b\u0456\u0437 \u0434\u0430\u043d\u0438\u0445, \u0422\u0435\u0445\u043d\u043e\u043b\u043e\u0433\u0456\u0457 \u0441\u0442\u0432\u043e\u0440\u0435\u043d\u043d\u044f \u043f\u0440\u043e\u0433\u0440\u0430\u043c\u043d\u0438\u0445 \u043f\u0440\u043e\u0434\u0443\u043a\u0442\u0456\u0432"
    },
    "model": "students.teacher",
    "pk": 2
},
{
    "fields": {
        "first_name": "\u0410\u043d\u0430\u0442\u043e\u043b\u0456\u0439 ",
        "last_name": "\u0411\u0430\u0442\u044e\u043a ",
        "middle_name": "",
        "photo": "",
        "birthday": "1960-03-17",
        "subject": "\u0422\u0435\u043e\u0440\u0456\u044f \u043f\u0440\u0438\u0439\u043d\u044f\u0442\u0442\u044f \u0440\u0456\u0448\u0435\u043d\u044c, \u0428\u0442\u0443\u0447\u043d\u0438\u0438\u0439 \u0456\u043d\u0442\u0435\u043b\u0435\u043a\u0442"
    },
    "model": "students.teacher",
    "pk": 3
},
{
    "fields": {
        "first_name": "\u042e\u0440\u0456\u0439",
        "last_name": "\u0426\u0438\u043c\u0431\u0430\u043b",
        "middle_name": "",
        "photo": "",
        "birthday": "2015-10-20",
        "subject": "\u041e\u0431'\u0454\u043a\u0442\u043d\u043e-\u043e\u0440\u0456\u0454\u043d\u0442\u043e\u0432\u0430\u043d\u0435 \u043f\u0440\u043e\u0433\u0440\u0430\u043c\u0443\u0432\u0430\u043d\u043d\u044f"
    },
    "model": "students.teacher",
    "pk": 4
},
{
    "fields": {
        "first_name": "\u0404\u0432\u0433\u0435\u043d",
        "last_name": "\u0421\u0442\u0440\u0443\u043a",
        "middle_name": "",
        "photo": "",
        "birthday": "2015-10-20",
        "subject": "\u0422\u0435\u043e\u0440\u0435\u0442\u0438\u0447\u043d\u0456 \u043e\u0441\u043d\u043e\u0432\u0438 \u0443\u043f\u0440\u0430\u0432\u043b\u0456\u043d\u043d\u044f"
    },
    "model": "students.teacher",
    "pk": 5
},
{
    "fields": {
        "first_name": "\u0417\u043e\u0440\u0435\u0441\u043b\u0430\u0432\u0430",
        "last_name": "\u0428\u043f\u0430\u043a",
        "middle_name": "",
        "photo": "",
        "birthday": "2015-10-20",
        "subject": "\u041e\u0441\u043d\u043e\u0432\u0438 \u0456\u043d\u0444\u043e\u0440\u043c\u0430\u0446\u0456\u0439\u043d\u0438\u0445 \u0442\u0435\u0445\u043d\u043e\u043b\u043e\u0433\u0456\u0439, \u041f\u0440\u043e\u0431\u043b\u0435\u043c\u043d\u043e-\u043e\u0440\u0456\u0454\u043d\u0442\u043e\u0432\u0430\u043d\u0435 \u043f\u0440\u043e\u0433\u0440\u0430\u043c\u0443\u0432\u0430\u043d\u043d\u044f"
    },
    "model": "students.teacher",
    "pk": 6
},
{
    "fields": {
        "first_name": "\u041a\u0432\u0456\u0442\u043e\u0441\u043b\u0430\u0432\u0430",
        "last_name": "\u041e\u0431\u0435\u043b\u044c\u043e\u0432\u0441\u044c\u043a\u0430",
        "middle_name": "",
        "photo": "",
        "birthday": "2015-10-20",
        "subject": "\u041a\u043e\u043c\u043f'\u044e\u0442\u0435\u0440\u043d\u0456 \u043c\u0435\u0440\u0435\u0436\u0456"
    },
    "model": "students.teacher",
    "pk": 7
},
{
    "fields": {
        "first_name": "\u041b\u044e\u0434\u0432\u0456\u0433",
        "last_name": "\u0424\u0430\u0431\u0440\u0456",
        "middle_name": "",
        "photo": "",
        "birthday": "2015-10-20",
        "subject": "\u0421\u0438\u0441\u0442\u0435\u043c\u043d\u0438\u0439 \u0430\u043d\u0430\u043b\u0456\u0437"
    },
    "model": "students.teacher",
    "pk": 8
},
{
    "fields": {
        "first_name": "\u041b\u044e\u0431\u043e\u043c\u0438\u0440",
        "last_name": "\u0421\u0456\u043a\u043e\u0440\u0430",
        "middle_name": "",
        "photo": "",
        "birthday": "2015-10-20",
        "subject": "\u041e\u0441\u043d\u043e\u0432\u0438 \u0446\u0438\u0444\u0440\u043e\u0432\u043e\u0457 \u043e\u0431\u0440\u043e\u0431\u043a\u0438 \u0441\u0438\u0433\u043d\u0430\u043b\u0456\u0432"
    },
    "model": "students.teacher",
    "pk": 9
},
{
    "fields": {
        "first_name": "\u041e\u043b\u0435\u0433",
        "last_name": "\u0412\u0435\u0440\u0435\u0441",
        "middle_name": "",
        "photo": "",
        "birthday": "2015-10-07",
        "subject": "\u0411\u0430\u0437\u0438 \u0434\u0430\u043d\u0438\u0445"
    },
    "model": "students.teacher",
    "pk": 10
},
{
    "fields": {
        "codename": "add_logentry",
        "name": "Can add log entry",
        "content_type": 1
    },
    "model": "auth.permission",
    "pk": 1
},
{
    "fields": {
        "codename": "change_logentry",
        "name": "Can change log entry",
        "content_type": 1
    },
    "model": "auth.permission",
    "pk": 2
},
{
    "fields": {
        "codename": "delete_logentry",
        "name": "Can delete log entry",
        "content_type": 1
    },
    "model": "auth.permission",
    "pk": 3
},
{
    "fields": {
        "codename": "add_permission",
        "name": "Can add permission",
        "content_type": 2
    },
    "model": "auth.permission",
    "pk": 4
},
{
    "fields": {
        "codename": "change_permission",
        "name": "Can change permission",
        "content_type": 2
    },
    "model": "auth.permission",
    "pk": 5
},
{
    "fields": {
        "codename": "delete_permission",
        "name": "Can delete permission",
        "content_type": 2
    },
    "model": "auth.permission",
    "pk": 6
},
{
    "fields": {
        "codename": "add_group",
        "name": "Can add group",
        "content_type": 3
    },
    "model": "auth.permission",
    "pk": 7
},
{
    "fields": {
        "codename": "change_group",
        "name": "Can change group",
        "content_type": 3
    },
    "model": "auth.permission",
    "pk": 8
},
{
    "fields": {
        "codename": "delete_group",
        "name": "Can delete group",
        "content_type": 3
    },
    "model": "auth.permission",
    "pk": 9
},
{
    "fields": {
        "codename": "add_user",
        "name": "Can add user",
        "content_type": 4
    },
    "model": "auth.permission",
    "pk": 10
},
{
    "fields": {
        "codename": "change_user",
        "name": "Can change user",
        "content_type": 4
    },
    "model": "auth.permission",
    "pk": 11
},
{
    "fields": {
        "codename": "delete_user",
        "name": "Can delete user",
        "content_type": 4
    },
    "model": "auth.permission",
    "pk": 12
},
{
    "fields": {
        "codename": "add_contenttype",
        "name": "Can add content type",
        "content_type": 5
    },
    "model": "auth.permission",
    "pk": 13
},
{
    "fields": {
        "codename": "change_contenttype",
        "name": "Can change content type",
        "content_type": 5
    },
    "model": "auth.permission",
    "pk": 14
},
{
    "fields": {
        "codename": "delete_contenttype",
        "name": "Can delete content type",
        "content_type": 5
    },
    "model": "auth.permission",
    "pk": 15
},
{
    "fields": {
        "codename": "add_session",
        "name": "Can add session",
        "content_type": 6
    },
    "model": "auth.permission",
    "pk": 16
},
{
    "fields": {
        "codename": "change_session",
        "name": "Can change session",
        "content_type": 6
    },
    "model": "auth.permission",
    "pk": 17
},
{
    "fields": {
        "codename": "delete_session",
        "name": "Can delete session",
        "content_type": 6
    },
    "model": "auth.permission",
    "pk": 18
},
{
    "fields": {
        "codename": "add_student",
        "name": "Can add student",
        "content_type": 7
    },
    "model": "auth.permission",
    "pk": 19
},
{
    "fields": {
        "codename": "change_student",
        "name": "Can change student",
        "content_type": 7
    },
    "model": "auth.permission",
    "pk": 20
},
{
    "fields": {
        "codename": "delete_student",
        "name": "Can delete student",
        "content_type": 7
    },
    "model": "auth.permission",
    "pk": 21
},
{
    "fields": {
        "codename": "add_group",
        "name": "Can add \u0413\u0440\u0443\u043f\u0430",
        "content_type": 8
    },
    "model": "auth.permission",
    "pk": 22
},
{
    "fields": {
        "codename": "change_group",
        "name": "Can change \u0413\u0440\u0443\u043f\u0430",
        "content_type": 8
    },
    "model": "auth.permission",
    "pk": 23
},
{
    "fields": {
        "codename": "delete_group",
        "name": "Can delete \u0413\u0440\u0443\u043f\u0430",
        "content_type": 8
    },
    "model": "auth.permission",
    "pk": 24
},
{
    "fields": {
        "codename": "add_exam",
        "name": "Can add \u0415\u043a\u0437\u0430\u043c\u0435\u043d",
        "content_type": 11
    },
    "model": "auth.permission",
    "pk": 31
},
{
    "fields": {
        "codename": "change_exam",
        "name": "Can change \u0415\u043a\u0437\u0430\u043c\u0435\u043d",
        "content_type": 11
    },
    "model": "auth.permission",
    "pk": 32
},
{
    "fields": {
        "codename": "delete_exam",
        "name": "Can delete \u0415\u043a\u0437\u0430\u043c\u0435\u043d",
        "content_type": 11
    },
    "model": "auth.permission",
    "pk": 33
},
{
    "fields": {
        "codename": "add_monthjournal",
        "name": "Can add \u041c\u0456\u0441\u044f\u0447\u043d\u0438\u0439 \u0436\u0443\u0440\u043d\u0430\u043b",
        "content_type": 13
    },
    "model": "auth.permission",
    "pk": 37
},
{
    "fields": {
        "codename": "change_monthjournal",
        "name": "Can change \u041c\u0456\u0441\u044f\u0447\u043d\u0438\u0439 \u0436\u0443\u0440\u043d\u0430\u043b",
        "content_type": 13
    },
    "model": "auth.permission",
    "pk": 38
},
{
    "fields": {
        "codename": "delete_monthjournal",
        "name": "Can delete \u041c\u0456\u0441\u044f\u0447\u043d\u0438\u0439 \u0436\u0443\u0440\u043d\u0430\u043b",
        "content_type": 13
    },
    "model": "auth.permission",
    "pk": 39
},
{
    "fields": {
        "codename": "add_teacher",
        "name": "Can add \u0412\u0438\u043a\u043b\u0430\u0434\u0430\u0447",
        "content_type": 14
    },
    "model": "auth.permission",
    "pk": 40
},
{
    "fields": {
        "codename": "change_teacher",
        "name": "Can change \u0412\u0438\u043a\u043b\u0430\u0434\u0430\u0447",
        "content_type": 14
    },
    "model": "auth.permission",
    "pk": 41
},
{
    "fields": {
        "codename": "delete_teacher",
        "name": "Can delete \u0412\u0438\u043a\u043b\u0430\u0434\u0430\u0447",
        "content_type": 14
    },
    "model": "auth.permission",
    "pk": 42
},
{
    "fields": {
        "username": "admin",
        "first_name": "",
        "last_name": "",
        "is_active": true,
        "is_superuser": true,
        "is_staff": true,
        "last_login": "2015-10-12T21:56:33Z",
        "groups": [],
        "user_permissions": [],
        "password": "pbkdf2_sha256$15000$JLMtPja8ibXt$Ez6F7jFC/7+tObdLUvqzaSzN04F4dsXqM4ZQuSIAU0Q=",
        "email": "admin@admin.com",
        "date_joined": "2014-11-21T21:47:41Z"
    },
    "model": "auth.user",
    "pk": 1
},
{
    "fields": {
        "action_flag": 1,
        "action_time": "2015-03-01T11:29:30Z",
        "object_repr": "\u041d\u0430\u0437\u0430\u0440  \u041c\u0435\u043b\u044c\u043d\u0438\u0447\u0443\u043a",
        "object_id": "3",
        "change_message": "",
        "user": 1,
        "content_type": 7
    },
    "model": "admin.logentry",
    "pk": 1
},
{
    "fields": {
        "action_flag": 2,
        "action_time": "2015-03-01T11:46:55Z",
        "object_repr": "\u041b\u044e\u0431\u043e\u043c\u0438\u0440 \u041e\u043f\u0430\u043d\u043e\u0432\u0438\u0447",
        "object_id": "4",
        "change_message": "Changed photo.",
        "user": 1,
        "content_type": 7
    },
    "model": "admin.logentry",
    "pk": 2
},
{
    "fields": {
        "action_flag": 2,
        "action_time": "2015-03-01T13:37:33Z",
        "object_repr": "\u041b\u044e\u0431\u043e\u043c\u0438\u0440 \u041e\u043f\u0430\u043d\u043e\u0432\u0438\u0447",
        "object_id": "4",
        "change_message": "Changed photo.",
        "user": 1,
        "content_type": 7
    },
    "model": "admin.logentry",
    "pk": 3
},
{
    "fields": {
        "action_flag": 2,
        "action_time": "2015-03-01T13:38:19Z",
        "object_repr": "Adrian Yavorski",
        "object_id": "1",
        "change_message": "Changed birthday, photo and ticket.",
        "user": 1,
        "content_type": 7
    },
    "model": "admin.logentry",
    "pk": 4
},
{
    "fields": {
        "action_flag": 1,
        "action_time": "2015-03-02T09:26:38Z",
        "object_repr": "\u0411\u043e\u0433\u0434\u0430\u043d \u041d\u043e\u0432\u043e\u0441\u0430\u0434",
        "object_id": "5",
        "change_message": "",
        "user": 1,
        "content_type": 7
    },
    "model": "admin.logentry",
    "pk": 5
},
{
    "fields": {
        "action_flag": 1,
        "action_time": "2015-03-02T09:27:04Z",
        "object_repr": "\u0410\u043d\u0434\u0440\u0456\u0439 \u041f\u0456\u0440\u0430\u0442\u043e\u0432\u0441\u044c\u043a\u0438\u0439",
        "object_id": "6",
        "change_message": "",
        "user": 1,
        "content_type": 7
    },
    "model": "admin.logentry",
    "pk": 6
},
{
    "fields": {
        "action_flag": 1,
        "action_time": "2015-03-02T09:27:24Z",
        "object_repr": "\u041e\u043b\u044f  \u0411\u0443\u0440\u0430 ",
        "object_id": "7",
        "change_message": "",
        "user": 1,
        "content_type": 7
    },
    "model": "admin.logentry",
    "pk": 7
},
{
    "fields": {
        "action_flag": 1,
        "action_time": "2015-03-02T20:23:01Z",
        "object_repr": "Andriy Test",
        "object_id": "8",
        "change_message": "",
        "user": 1,
        "content_type": 7
    },
    "model": "admin.logentry",
    "pk": 8
},
{
    "fields": {
        "action_flag": 2,
        "action_time": "2015-03-03T17:19:08Z",
        "object_repr": "Testgroup (\u0411\u043e\u0433\u0434\u0430\u043d \u041d\u043e\u0432\u043e\u0441\u0430\u0434)",
        "object_id": "3",
        "change_message": "Changed leader.",
        "user": 1,
        "content_type": 8
    },
    "model": "admin.logentry",
    "pk": 9
},
{
    "fields": {
        "action_flag": 2,
        "action_time": "2015-03-03T17:19:13Z",
        "object_repr": "DemoGroup (\u041e\u043b\u044f  \u0411\u0443\u0440\u0430 )",
        "object_id": "2",
        "change_message": "Changed leader.",
        "user": 1,
        "content_type": 8
    },
    "model": "admin.logentry",
    "pk": 10
},
{
    "fields": {
        "action_flag": 2,
        "action_time": "2015-03-03T17:19:19Z",
        "object_repr": "Demo Group (Petro Velyk)",
        "object_id": "1",
        "change_message": "Changed leader.",
        "user": 1,
        "content_type": 8
    },
    "model": "admin.logentry",
    "pk": 11
},
{
    "fields": {
        "action_flag": 1,
        "action_time": "2015-03-03T18:51:13Z",
        "object_repr": "KN - 30 (Adrian Yavorski)",
        "object_id": "5",
        "change_message": "",
        "user": 1,
        "content_type": 8
    },
    "model": "admin.logentry",
    "pk": 12
},
{
    "fields": {
        "action_flag": 1,
        "action_time": "2015-03-03T18:51:24Z",
        "object_repr": "KN - 31 (\u041d\u0430\u0437\u0430\u0440  \u041c\u0435\u043b\u044c\u043d\u0438\u0447\u0443\u043a)",
        "object_id": "6",
        "change_message": "",
        "user": 1,
        "content_type": 8
    },
    "model": "admin.logentry",
    "pk": 13
},
{
    "fields": {
        "action_flag": 1,
        "action_time": "2015-03-03T18:51:29Z",
        "object_repr": "KN - 32",
        "object_id": "7",
        "change_message": "",
        "user": 1,
        "content_type": 8
    },
    "model": "admin.logentry",
    "pk": 14
},
{
    "fields": {
        "action_flag": 2,
        "action_time": "2015-03-03T18:51:43Z",
        "object_repr": "KN - 32 (Roman Melnuchuyk)",
        "object_id": "7",
        "change_message": "Changed leader.",
        "user": 1,
        "content_type": 8
    },
    "model": "admin.logentry",
    "pk": 15
},
{
    "fields": {
        "action_flag": 1,
        "action_time": "2015-03-03T18:51:56Z",
        "object_repr": "KN - 40 (\u0410\u043d\u0434\u0440\u0456\u0439 \u041f\u0456\u0440\u0430\u0442\u043e\u0432\u0441\u044c\u043a\u0438\u0439)",
        "object_id": "8",
        "change_message": "",
        "user": 1,
        "content_type": 8
    },
    "model": "admin.logentry",
    "pk": 16
},
{
    "fields": {
        "action_flag": 1,
        "action_time": "2015-03-26T14:48:31Z",
        "object_repr": "\u0422\u0435\u0445\u043d\u043e\u043b\u043e\u0433\u0456\u0457 \u0441\u0442\u0432\u043e\u0440\u0435\u043d\u043d\u044f \u043f\u0440\u043e\u0433\u0440\u0430\u043c\u043d\u0438\u0445 \u043f\u0440\u043e\u0434\u0443\u043a\u0442\u0456\u0432",
        "object_id": "2",
        "change_message": "",
        "user": 1,
        "content_type": 11
    },
    "model": "admin.logentry",
    "pk": 17
},
{
    "fields": {
        "action_flag": 1,
        "action_time": "2015-03-27T13:34:33Z",
        "object_repr": "\u0422\u0435\u0445\u043d\u043e\u043b\u043e\u0433\u0456\u0457 \u043f\u0440\u0438\u0439\u043d\u044f\u0442\u0442\u044f \u0440\u0456\u0448\u0435\u043d\u044c (\u0411\u0430\u0442\u044e\u043a \u0410.\u0404.)",
        "object_id": "3",
        "change_message": "",
        "user": 1,
        "content_type": 11
    },
    "model": "admin.logentry",
    "pk": 18
},
{
    "fields": {
        "action_flag": 1,
        "action_time": "2015-03-27T13:35:05Z",
        "object_repr": "\u0428\u0442\u0443\u0447\u043d\u0438\u0439 \u0456\u043d\u0442\u0435\u043b\u0435\u043a\u0442 (\u0411\u0430\u0442\u044e\u043a \u0410.\u0404.)",
        "object_id": "4",
        "change_message": "",
        "user": 1,
        "content_type": 11
    },
    "model": "admin.logentry",
    "pk": 19
},
{
    "fields": {
        "action_flag": 1,
        "action_time": "2015-03-27T13:36:17Z",
        "object_repr": "\u041e\u0441\u043d\u043e\u0432\u0438 \u0442\u0435\u043e\u0440\u0456\u0457 \u043d\u0430\u0434\u0456\u0439\u043d\u043e\u0441\u0442\u0456 (\u041f\u0430\u0432\u043b\u044e\u043a \u041e.\u041c.)",
        "object_id": "5",
        "change_message": "",
        "user": 1,
        "content_type": 11
    },
    "model": "admin.logentry",
    "pk": 20
},
{
    "fields": {
        "action_flag": 1,
        "action_time": "2015-03-27T13:37:27Z",
        "object_repr": "\u041f\u043b\u0430\u043d\u0443\u0432\u0430\u043d\u043d\u044f \u0435\u043a\u0441\u043f\u0435\u0440\u0438\u043c\u0435\u043d\u0442\u0456\u0432 (\u041a\u0443\u0437\u044c\u043c\u0456\u043d \u041e.\u0412.)",
        "object_id": "6",
        "change_message": "",
        "user": 1,
        "content_type": 11
    },
    "model": "admin.logentry",
    "pk": 21
},
{
    "fields": {
        "action_flag": 2,
        "action_time": "2015-03-28T10:18:40Z",
        "object_repr": "\u041f\u043b\u0430\u043d\u0443\u0432\u0430\u043d\u043d\u044f \u0435\u043a\u0441\u043f\u0435\u0440\u0438\u043c\u0435\u043d\u0442\u0456\u0432 (\u041a\u0443\u0437\u044c\u043c\u0456\u043d \u041e.\u0412.)",
        "object_id": "6",
        "change_message": "Changed groups.",
        "user": 1,
        "content_type": 11
    },
    "model": "admin.logentry",
    "pk": 22
},
{
    "fields": {
        "action_flag": 1,
        "action_time": "2015-03-28T11:07:53Z",
        "object_repr": "OOP (\u0426\u0438\u043c\u0431\u0430\u043b \u042e.\u0412.)",
        "object_id": "7",
        "change_message": "",
        "user": 1,
        "content_type": 11
    },
    "model": "admin.logentry",
    "pk": 23
},
{
    "fields": {
        "action_flag": 1,
        "action_time": "2015-03-28T11:08:27Z",
        "object_repr": "\u0410\u043b\u0433\u043e\u0440\u0438\u0442\u043c\u0456\u0437\u0430\u0446\u0456\u044f \u0442\u0430 \u043f\u0440\u043e\u0433\u0440\u0430\u043c\u0443\u0432\u0430\u043d\u043d\u044f (\u0428\u043f\u0430\u043a \u0417.\u042f.)",
        "object_id": "8",
        "change_message": "",
        "user": 1,
        "content_type": 11
    },
    "model": "admin.logentry",
    "pk": 24
},
{
    "fields": {
        "action_flag": 1,
        "action_time": "2015-03-30T12:13:28Z",
        "object_repr": "\u0422\u041f\u0420",
        "object_id": "9",
        "change_message": "",
        "user": 1,
        "content_type": 11
    },
    "model": "admin.logentry",
    "pk": 25
},
{
    "fields": {
        "action_flag": 2,
        "action_time": "2015-08-31T08:10:42Z",
        "object_repr": "Adrian Yavorski",
        "object_id": "1",
        "change_message": "\u0417\u043c\u0456\u043d\u0435\u043d\u043e student_group.",
        "user": 1,
        "content_type": 7
    },
    "model": "admin.logentry",
    "pk": 26
},
{
    "fields": {
        "action_flag": 2,
        "action_time": "2015-08-31T08:10:42Z",
        "object_repr": "\u041d\u0430\u0437\u0430\u0440  \u041c\u0435\u043b\u044c\u043d\u0438\u0447\u0443\u043a",
        "object_id": "3",
        "change_message": "\u0417\u043c\u0456\u043d\u0435\u043d\u043e student_group.",
        "user": 1,
        "content_type": 7
    },
    "model": "admin.logentry",
    "pk": 27
},
{
    "fields": {
        "action_flag": 2,
        "action_time": "2015-08-31T08:11:21Z",
        "object_repr": "BestGroup (Andrew Polonniikov)",
        "object_id": "4",
        "change_message": "\u0417\u043c\u0456\u043d\u0435\u043d\u043e leader.",
        "user": 1,
        "content_type": 8
    },
    "model": "admin.logentry",
    "pk": 28
},
{
    "fields": {
        "action_flag": 2,
        "action_time": "2015-08-31T08:11:53Z",
        "object_repr": "Andrew Polonniikov",
        "object_id": "14",
        "change_message": "\u0417\u043c\u0456\u043d\u0435\u043d\u043e student_group.",
        "user": 1,
        "content_type": 7
    },
    "model": "admin.logentry",
    "pk": 29
},
{
    "fields": {
        "action_flag": 2,
        "action_time": "2015-08-31T08:14:18Z",
        "object_repr": "Andrew Polonniikov",
        "object_id": "14",
        "change_message": "\u0417\u043c\u0456\u043d\u0435\u043d\u043e student_group.",
        "user": 1,
        "content_type": 7
    },
    "model": "admin.logentry",
    "pk": 30
},
{
    "fields": {
        "action_flag": 2,
        "action_time": "2015-08-31T08:14:39Z",
        "object_repr": "Andrew Polonniikov",
        "object_id": "14",
        "change_message": "\u0417\u043c\u0456\u043d\u0435\u043d\u043e student_group.",
        "user": 1,
        "content_type": 7
    },
    "model": "admin.logentry",
    "pk": 31
},
{
    "fields": {
        "action_flag": 2,
        "action_time": "2015-08-31T08:15:26Z",
        "object_repr": "Andrew Polonniikov",
        "object_id": "14",
        "change_message": "\u0417\u043c\u0456\u043d\u0435\u043d\u043e student_group.",
        "user": 1,
        "content_type": 7
    },
    "model": "admin.logentry",
    "pk": 32
},
{
    "fields": {
        "action_flag": 2,
        "action_time": "2015-08-31T08:15:43Z",
        "object_repr": "KN-30 (\u041f\u0435\u0442\u0440\u043e \u0421\u043c\u0456\u0448\u043d\u0438\u0439)",
        "object_id": "9",
        "change_message": "\u0417\u043c\u0456\u043d\u0435\u043d\u043e leader.",
        "user": 1,
        "content_type": 8
    },
    "model": "admin.logentry",
    "pk": 33
},
{
    "fields": {
        "action_flag": 2,
        "action_time": "2015-08-31T08:15:55Z",
        "object_repr": "\u041f\u0435\u0442\u0440\u043e \u0421\u043c\u0456\u0448\u043d\u0438\u0439",
        "object_id": "15",
        "change_message": "\u0417\u043c\u0456\u043d\u0435\u043d\u043e student_group.",
        "user": 1,
        "content_type": 7
    },
    "model": "admin.logentry",
    "pk": 34
},
{
    "fields": {
        "action_flag": 2,
        "action_time": "2015-08-31T08:17:49Z",
        "object_repr": "\u041f\u0435\u0442\u0440\u043e \u0421\u043c\u0456\u0448\u043d\u0438\u0439",
        "object_id": "15",
        "change_message": "\u0417\u043c\u0456\u043d\u0435\u043d\u043e student_group.",
        "user": 1,
        "content_type": 7
    },
    "model": "admin.logentry",
    "pk": 35
},
{
    "fields": {
        "action_flag": 2,
        "action_time": "2015-08-31T08:17:53Z",
        "object_repr": "\u041f\u0435\u0442\u0440\u043e \u0421\u043c\u0456\u0448\u043d\u0438\u0439",
        "object_id": "15",
        "change_message": "\u0417\u043c\u0456\u043d\u0435\u043d\u043e student_group.",
        "user": 1,
        "content_type": 7
    },
    "model": "admin.logentry",
    "pk": 36
},
{
    "fields": {
        "action_flag": 2,
        "action_time": "2015-08-31T08:22:53Z",
        "object_repr": "KN - 40 (\u0422\u0430\u0440\u0430\u0441 \u041b\u0435\u0441\u0456\u0432)",
        "object_id": "8",
        "change_message": "\u0417\u043c\u0456\u043d\u0435\u043d\u043e leader.",
        "user": 1,
        "content_type": 8
    },
    "model": "admin.logentry",
    "pk": 37
},
{
    "fields": {
        "action_flag": 2,
        "action_time": "2015-08-31T08:23:37Z",
        "object_repr": "\u0422\u0430\u0440\u0430\u0441 \u041b\u0435\u0441\u0456\u0432",
        "object_id": "17",
        "change_message": "\u0417\u043c\u0456\u043d\u0435\u043d\u043e student_group.",
        "user": 1,
        "content_type": 7
    },
    "model": "admin.logentry",
    "pk": 38
},
{
    "fields": {
        "action_flag": 2,
        "action_time": "2015-08-31T08:25:06Z",
        "object_repr": "\u041f\u0435\u0442\u0440\u043e \u041d\u0435\u0441\u043c\u0456\u0448\u043d\u0438\u0439",
        "object_id": "16",
        "change_message": "\u0417\u043c\u0456\u043d\u0435\u043d\u043e student_group.",
        "user": 1,
        "content_type": 7
    },
    "model": "admin.logentry",
    "pk": 39
},
{
    "fields": {
        "action_flag": 2,
        "action_time": "2015-08-31T08:39:17Z",
        "object_repr": "KN - 32 (\u041b\u044e\u0431\u043e\u043c\u0438\u0440 \u041e\u043f\u0430\u043d\u043e\u0432\u0438\u0447)",
        "object_id": "7",
        "change_message": "\u0417\u043c\u0456\u043d\u0435\u043d\u043e leader.",
        "user": 1,
        "content_type": 8
    },
    "model": "admin.logentry",
    "pk": 40
},
{
    "fields": {
        "action_flag": 2,
        "action_time": "2015-08-31T08:39:39Z",
        "object_repr": "\u041b\u044e\u0431\u043e\u043c\u0438\u0440 \u041e\u043f\u0430\u043d\u043e\u0432\u0438\u0447",
        "object_id": "4",
        "change_message": "\u0417\u043c\u0456\u043d\u0435\u043d\u043e student_group.",
        "user": 1,
        "content_type": 7
    },
    "model": "admin.logentry",
    "pk": 41
},
{
    "fields": {
        "action_flag": 2,
        "action_time": "2015-08-31T08:40:42Z",
        "object_repr": "\u041b\u044e\u0431\u043e\u043c\u0438\u0440 \u041e\u043f\u0430\u043d\u043e\u0432\u0438\u0447",
        "object_id": "4",
        "change_message": "\u0417\u043c\u0456\u043d\u0435\u043d\u043e student_group.",
        "user": 1,
        "content_type": 7
    },
    "model": "admin.logentry",
    "pk": 42
},
{
    "fields": {
        "action_flag": 2,
        "action_time": "2015-08-31T08:40:55Z",
        "object_repr": "Testgroup (\u0406\u0433\u043e\u0440 \u041f\u0440\u043e\u0449\u0443\u043a)",
        "object_id": "3",
        "change_message": "\u0417\u043c\u0456\u043d\u0435\u043d\u043e leader.",
        "user": 1,
        "content_type": 8
    },
    "model": "admin.logentry",
    "pk": 43
},
{
    "fields": {
        "action_flag": 2,
        "action_time": "2015-10-12T21:58:11Z",
        "object_repr": "Andrew Polonniikov",
        "object_id": "14",
        "change_message": "\u0417\u043c\u0456\u043d\u0435\u043d\u043e student_group.",
        "user": 1,
        "content_type": 7
    },
    "model": "admin.logentry",
    "pk": 44
},
{
    "fields": {
        "action_flag": 2,
        "action_time": "2015-10-12T21:59:34Z",
        "object_repr": "KN-39 (\u041f\u0435\u0442\u0440\u043e \u0421\u043c\u0456\u0448\u043d\u0438\u0439)",
        "object_id": "9",
        "change_message": "\u0417\u043c\u0456\u043d\u0435\u043d\u043e title.",
        "user": 1,
        "content_type": 8
    },
    "model": "admin.logentry",
    "pk": 45
},
{
    "fields": {
        "action_flag": 2,
        "action_time": "2015-10-12T21:59:51Z",
        "object_repr": "\u041f\u0435\u0442\u0440\u043e \u0421\u043c\u0456\u0448\u043d\u0438\u0439",
        "object_id": "15",
        "change_message": "\u0417\u043c\u0456\u043d\u0435\u043d\u043e student_group.",
        "user": 1,
        "content_type": 7
    },
    "model": "admin.logentry",
    "pk": 46
},
{
    "fields": {
        "action_flag": 2,
        "action_time": "2015-10-12T22:00:13Z",
        "object_repr": "\u0406\u0433\u043e\u0440 \u041f\u0440\u043e\u0449\u0443\u043a",
        "object_id": "18",
        "change_message": "\u0417\u043c\u0456\u043d\u0435\u043d\u043e student_group.",
        "user": 1,
        "content_type": 7
    },
    "model": "admin.logentry",
    "pk": 47
},
{
    "fields": {
        "action_flag": 2,
        "action_time": "2015-10-12T22:00:42Z",
        "object_repr": "Adrian Yavorski",
        "object_id": "1",
        "change_message": "\u0417\u043c\u0456\u043d\u0435\u043d\u043e student_group.",
        "user": 1,
        "content_type": 7
    },
    "model": "admin.logentry",
    "pk": 48
},
{
    "fields": {
        "action_flag": 2,
        "action_time": "2015-10-12T22:01:04Z",
        "object_repr": "\u0422\u0430\u0440\u0430\u0441 \u041b\u0435\u0441\u0456\u0432",
        "object_id": "17",
        "change_message": "\u0417\u043c\u0456\u043d\u0435\u043d\u043e student_group.",
        "user": 1,
        "content_type": 7
    },
    "model": "admin.logentry",
    "pk": 49
},
{
    "fields": {
        "action_flag": 2,
        "action_time": "2015-10-12T22:01:24Z",
        "object_repr": "\u041b\u044e\u0431\u043e\u043c\u0438\u0440 \u041e\u043f\u0430\u043d\u043e\u0432\u0438\u0447",
        "object_id": "4",
        "change_message": "\u0417\u043c\u0456\u043d\u0435\u043d\u043e student_group.",
        "user": 1,
        "content_type": 7
    },
    "model": "admin.logentry",
    "pk": 50
},
{
    "fields": {
        "action_flag": 3,
        "action_time": "2015-10-12T22:02:15Z",
        "object_repr": "Demo Group",
        "object_id": "1",
        "change_message": "",
        "user": 1,
        "content_type": 8
    },
    "model": "admin.logentry",
    "pk": 51
},
{
    "fields": {
        "action_flag": 2,
        "action_time": "2015-10-12T22:02:58Z",
        "object_repr": "\u041d\u0430\u0437\u0430\u0440  \u041c\u0435\u043b\u044c\u043d\u0438\u0447\u0443\u043a",
        "object_id": "3",
        "change_message": "\u0417\u043c\u0456\u043d\u0435\u043d\u043e student_group.",
        "user": 1,
        "content_type": 7
    },
    "model": "admin.logentry",
    "pk": 52
},
{
    "fields": {
        "action_flag": 2,
        "action_time": "2015-10-16T12:52:20Z",
        "object_repr": "\u041e\u043b\u0435\u043a\u0441\u0430\u043d\u0434\u0440  (\u041a\u0443\u0437\u044c\u043c\u0456\u043d)",
        "object_id": "6",
        "change_message": "\u0417\u043c\u0456\u043d\u0435\u043d\u043e exam_teacher.",
        "user": 1,
        "content_type": 11
    },
    "model": "admin.logentry",
    "pk": 54
},
{
    "fields": {
        "action_flag": 2,
        "action_time": "2015-10-16T13:01:03Z",
        "object_repr": "\u0422\u041f\u0420 (\u041e\u043b\u0435\u043a\u0441\u0430\u043d\u0434\u0440  \u041a\u0443\u0437\u044c\u043c\u0456\u043d)",
        "object_id": "9",
        "change_message": "\u0417\u043c\u0456\u043d\u0435\u043d\u043e exam_teacher.",
        "user": 1,
        "content_type": 11
    },
    "model": "admin.logentry",
    "pk": 55
},
{
    "fields": {
        "action_flag": 2,
        "action_time": "2015-10-16T13:01:47Z",
        "object_repr": "\u0410\u043b\u0433\u043e\u0440\u0438\u0442\u043c\u0456\u0437\u0430\u0446\u0456\u044f \u0442\u0430 \u043f\u0440\u043e\u0433\u0440\u0430\u043c\u0443\u0432\u0430\u043d\u043d\u044f (\u041e\u043b\u0435\u043a\u0441\u0430\u043d\u0434\u0440  \u041a\u0443\u0437\u044c\u043c\u0456\u043d)",
        "object_id": "8",
        "change_message": "\u0417\u043c\u0456\u043d\u0435\u043d\u043e exam_teacher \u0442\u0430 groups.",
        "user": 1,
        "content_type": 11
    },
    "model": "admin.logentry",
    "pk": 56
},
{
    "fields": {
        "action_flag": 2,
        "action_time": "2015-10-16T13:02:52Z",
        "object_repr": "OOP (\u041e\u043b\u0435\u043a\u0441\u0430\u043d\u0434\u0440  \u041a\u0443\u0437\u044c\u043c\u0456\u043d)",
        "object_id": "7",
        "change_message": "\u0417\u043c\u0456\u043d\u0435\u043d\u043e exam_teacher.",
        "user": 1,
        "content_type": 11
    },
    "model": "admin.logentry",
    "pk": 57
},
{
    "fields": {
        "action_flag": 1,
        "action_time": "2015-10-19T19:38:45Z",
        "object_repr": "\u041e\u043b\u0435\u043a\u0441\u0430\u043d\u0434\u0440 \u041a\u0443\u0437\u044c\u043c\u0456\u043d",
        "object_id": "1",
        "change_message": "",
        "user": 1,
        "content_type": 14
    },
    "model": "admin.logentry",
    "pk": 58
},
{
    "fields": {
        "action_flag": 1,
        "action_time": "2015-10-19T20:06:00Z",
        "object_repr": "\u042f\u0440\u043e\u0441\u043b\u0430\u0432 \u041a\u043e\u0432\u0456\u0432\u0447\u0430\u043a",
        "object_id": "2",
        "change_message": "",
        "user": 1,
        "content_type": 14
    },
    "model": "admin.logentry",
    "pk": 59
},
{
    "fields": {
        "action_flag": 2,
        "action_time": "2015-10-20T11:48:18Z",
        "object_repr": "123123 Polonniikov",
        "object_id": "14",
        "change_message": "\u0417\u043c\u0456\u043d\u0435\u043d\u043e student_group.",
        "user": 1,
        "content_type": 7
    },
    "model": "admin.logentry",
    "pk": 60
},
{
    "fields": {
        "action_flag": 2,
        "action_time": "2015-10-20T11:48:18Z",
        "object_repr": "New  Stude",
        "object_id": "24",
        "change_message": "\u0417\u043c\u0456\u043d\u0435\u043d\u043e student_group.",
        "user": 1,
        "content_type": 7
    },
    "model": "admin.logentry",
    "pk": 61
},
{
    "fields": {
        "action_flag": 2,
        "action_time": "2015-10-20T11:48:18Z",
        "object_repr": "New  Stude",
        "object_id": "23",
        "change_message": "\u0417\u043c\u0456\u043d\u0435\u043d\u043e student_group.",
        "user": 1,
        "content_type": 7
    },
    "model": "admin.logentry",
    "pk": 62
},
{
    "fields": {
        "action_flag": 2,
        "action_time": "2015-10-20T11:48:18Z",
        "object_repr": "TEst Student",
        "object_id": "25",
        "change_message": "\u0417\u043c\u0456\u043d\u0435\u043d\u043e student_group.",
        "user": 1,
        "content_type": 7
    },
    "model": "admin.logentry",
    "pk": 63
},
{
    "fields": {
        "action_flag": 2,
        "action_time": "2015-10-20T11:48:18Z",
        "object_repr": "TEst Student",
        "object_id": "19",
        "change_message": "\u0417\u043c\u0456\u043d\u0435\u043d\u043e student_group.",
        "user": 1,
        "content_type": 7
    },
    "model": "admin.logentry",
    "pk": 64
},
{
    "fields": {
        "action_flag": 2,
        "action_time": "2015-10-20T11:48:18Z",
        "object_repr": "Adrian Yavorski",
        "object_id": "1",
        "change_message": "\u0417\u043c\u0456\u043d\u0435\u043d\u043e student_group.",
        "user": 1,
        "content_type": 7
    },
    "model": "admin.logentry",
    "pk": 65
},
{
    "fields": {
        "action_flag": 2,
        "action_time": "2015-10-20T11:48:18Z",
        "object_repr": "Adrian  Yavosrkyyy",
        "object_id": "26",
        "change_message": "\u0417\u043c\u0456\u043d\u0435\u043d\u043e student_group.",
        "user": 1,
        "content_type": 7
    },
    "model": "admin.logentry",
    "pk": 66
},
{
    "fields": {
        "action_flag": 2,
        "action_time": "2015-10-20T11:48:18Z",
        "object_repr": "Adrian  Yavosrkyyy",
        "object_id": "13",
        "change_message": "\u0417\u043c\u0456\u043d\u0435\u043d\u043e student_group.",
        "user": 1,
        "content_type": 7
    },
    "model": "admin.logentry",
    "pk": 67
},
{
    "fields": {
        "action_flag": 2,
        "action_time": "2015-10-20T11:48:18Z",
        "object_repr": "\u0422\u0430\u0440\u0430\u0441 \u041b\u0435\u0441\u0456\u0432",
        "object_id": "17",
        "change_message": "\u0417\u043c\u0456\u043d\u0435\u043d\u043e student_group.",
        "user": 1,
        "content_type": 7
    },
    "model": "admin.logentry",
    "pk": 68
},
{
    "fields": {
        "action_flag": 2,
        "action_time": "2015-10-20T11:48:18Z",
        "object_repr": "\u041d\u0430\u0437\u0430\u0440  \u041c\u0435\u043b\u044c\u043d\u0438\u0447\u0443\u043a",
        "object_id": "3",
        "change_message": "\u0417\u043c\u0456\u043d\u0435\u043d\u043e student_group.",
        "user": 1,
        "content_type": 7
    },
    "model": "admin.logentry",
    "pk": 69
},
{
    "fields": {
        "action_flag": 2,
        "action_time": "2015-10-20T11:48:35Z",
        "object_repr": "\u041a\u041d-30",
        "object_id": "5",
        "change_message": "\u0417\u043c\u0456\u043d\u0435\u043d\u043e title \u0442\u0430 leader.",
        "user": 1,
        "content_type": 8
    },
    "model": "admin.logentry",
    "pk": 70
},
{
    "fields": {
        "action_flag": 2,
        "action_time": "2015-10-20T11:48:44Z",
        "object_repr": "\u041a\u041d-31",
        "object_id": "6",
        "change_message": "\u0417\u043c\u0456\u043d\u0435\u043d\u043e title \u0442\u0430 leader.",
        "user": 1,
        "content_type": 8
    },
    "model": "admin.logentry",
    "pk": 71
},
{
    "fields": {
        "action_flag": 2,
        "action_time": "2015-10-20T11:48:54Z",
        "object_repr": "\u041a\u041d-32",
        "object_id": "7",
        "change_message": "\u0417\u043c\u0456\u043d\u0435\u043d\u043e title \u0442\u0430 leader.",
        "user": 1,
        "content_type": 8
    },
    "model": "admin.logentry",
    "pk": 72
},
{
    "fields": {
        "action_flag": 2,
        "action_time": "2015-10-20T11:49:14Z",
        "object_repr": "\u041a\u041d-40",
        "object_id": "8",
        "change_message": "\u0417\u043c\u0456\u043d\u0435\u043d\u043e title \u0442\u0430 leader.",
        "user": 1,
        "content_type": 8
    },
    "model": "admin.logentry",
    "pk": 73
},
{
    "fields": {
        "action_flag": 2,
        "action_time": "2015-10-20T11:49:22Z",
        "object_repr": "\u041a\u041d-41 (\u041f\u0435\u0442\u0440\u043e \u0421\u043c\u0456\u0448\u043d\u0438\u0439)",
        "object_id": "9",
        "change_message": "\u0417\u043c\u0456\u043d\u0435\u043d\u043e title.",
        "user": 1,
        "content_type": 8
    },
    "model": "admin.logentry",
    "pk": 74
},
{
    "fields": {
        "action_flag": 2,
        "action_time": "2015-10-20T11:49:28Z",
        "object_repr": "\u041a\u041d-41",
        "object_id": "9",
        "change_message": "\u0417\u043c\u0456\u043d\u0435\u043d\u043e leader.",
        "user": 1,
        "content_type": 8
    },
    "model": "admin.logentry",
    "pk": 75
},
{
    "fields": {
        "action_flag": 2,
        "action_time": "2015-10-20T11:49:38Z",
        "object_repr": "\u041a\u041d-42",
        "object_id": "4",
        "change_message": "\u0417\u043c\u0456\u043d\u0435\u043d\u043e title \u0442\u0430 leader.",
        "user": 1,
        "content_type": 8
    },
    "model": "admin.logentry",
    "pk": 76
},
{
    "fields": {
        "action_flag": 2,
        "action_time": "2015-10-20T11:49:47Z",
        "object_repr": "\u041a\u041d-20",
        "object_id": "3",
        "change_message": "\u0417\u043c\u0456\u043d\u0435\u043d\u043e title \u0442\u0430 leader.",
        "user": 1,
        "content_type": 8
    },
    "model": "admin.logentry",
    "pk": 77
},
{
    "fields": {
        "action_flag": 2,
        "action_time": "2015-10-20T11:49:56Z",
        "object_repr": "\u041a\u041d-21",
        "object_id": "2",
        "change_message": "\u0417\u043c\u0456\u043d\u0435\u043d\u043e title.",
        "user": 1,
        "content_type": 8
    },
    "model": "admin.logentry",
    "pk": 78
},
{
    "fields": {
        "action_flag": 1,
        "action_time": "2015-10-20T11:50:04Z",
        "object_repr": "\u041a\u041d-23",
        "object_id": "10",
        "change_message": "",
        "user": 1,
        "content_type": 8
    },
    "model": "admin.logentry",
    "pk": 79
},
{
    "fields": {
        "action_flag": 2,
        "action_time": "2015-10-20T11:51:09Z",
        "object_repr": "\u0411\u0443\u0440\u0430 \u041e\u043b\u044f",
        "object_id": "14",
        "change_message": "\u0417\u043c\u0456\u043d\u0435\u043d\u043e first_name, last_name, middle_name \u0442\u0430 ticket.",
        "user": 1,
        "content_type": 7
    },
    "model": "admin.logentry",
    "pk": 80
},
{
    "fields": {
        "action_flag": 2,
        "action_time": "2015-10-20T11:51:26Z",
        "object_repr": "\u041e\u043b\u044f \u0411\u0443\u0440\u0430",
        "object_id": "14",
        "change_message": "\u0417\u043c\u0456\u043d\u0435\u043d\u043e first_name \u0442\u0430 last_name.",
        "user": 1,
        "content_type": 7
    },
    "model": "admin.logentry",
    "pk": 81
},
{
    "fields": {
        "action_flag": 2,
        "action_time": "2015-10-20T11:51:45Z",
        "object_repr": "\u041e\u0441\u0442\u0430\u043f \u0411\u0456\u043b\u044f\u043a",
        "object_id": "24",
        "change_message": "\u0417\u043c\u0456\u043d\u0435\u043d\u043e first_name, last_name, ticket \u0442\u0430 student_group.",
        "user": 1,
        "content_type": 7
    },
    "model": "admin.logentry",
    "pk": 82
},
{
    "fields": {
        "action_flag": 2,
        "action_time": "2015-10-20T11:52:16Z",
        "object_repr": "\u0420\u043e\u043c\u0430\u043d \u0411\u043e\u0440\u043e\u0432\u0435\u0446\u044c",
        "object_id": "23",
        "change_message": "\u0417\u043c\u0456\u043d\u0435\u043d\u043e first_name, last_name, ticket \u0442\u0430 student_group.",
        "user": 1,
        "content_type": 7
    },
    "model": "admin.logentry",
    "pk": 83
},
{
    "fields": {
        "action_flag": 2,
        "action_time": "2015-10-20T11:52:36Z",
        "object_repr": "\u0410\u043d\u043d\u0430 \u0413\u0430\u043c\u043e\u0440\u0430",
        "object_id": "25",
        "change_message": "\u0417\u043c\u0456\u043d\u0435\u043d\u043e first_name, last_name, ticket \u0442\u0430 student_group.",
        "user": 1,
        "content_type": 7
    },
    "model": "admin.logentry",
    "pk": 84
},
{
    "fields": {
        "action_flag": 2,
        "action_time": "2015-10-20T11:52:57Z",
        "object_repr": "\u0422\u0430\u0440\u0430\u0441 \u041b\u0435\u0441\u0456\u0432 ",
        "object_id": "19",
        "change_message": "\u0417\u043c\u0456\u043d\u0435\u043d\u043e first_name, last_name, ticket \u0442\u0430 student_group.",
        "user": 1,
        "content_type": 7
    },
    "model": "admin.logentry",
    "pk": 85
},
{
    "fields": {
        "action_flag": 2,
        "action_time": "2015-10-20T11:53:20Z",
        "object_repr": "\u0412\u0430\u043b\u0435\u043d\u0442\u0438\u043d \u041d\u043e\u0432\u0430\u043a",
        "object_id": "1",
        "change_message": "\u0417\u043c\u0456\u043d\u0435\u043d\u043e first_name, last_name, ticket \u0442\u0430 student_group.",
        "user": 1,
        "content_type": 7
    },
    "model": "admin.logentry",
    "pk": 86
},
{
    "fields": {
        "action_flag": 2,
        "action_time": "2015-10-20T11:53:47Z",
        "object_repr": "\u0415\u043c\u0456\u043b \u0421\u0438\u0432\u043d\u0456\u0439",
        "object_id": "26",
        "change_message": "\u0417\u043c\u0456\u043d\u0435\u043d\u043e first_name, last_name, ticket \u0442\u0430 student_group.",
        "user": 1,
        "content_type": 7
    },
    "model": "admin.logentry",
    "pk": 87
},
{
    "fields": {
        "action_flag": 2,
        "action_time": "2015-10-20T11:54:55Z",
        "object_repr": "\u0411\u043e\u0433\u0434\u0430\u043d \u042f\u0432\u043e\u0440\u0456\u0432\u0441\u044c\u043a\u0438\u0439",
        "object_id": "13",
        "change_message": "\u0417\u043c\u0456\u043d\u0435\u043d\u043e first_name, last_name, ticket \u0442\u0430 student_group.",
        "user": 1,
        "content_type": 7
    },
    "model": "admin.logentry",
    "pk": 88
},
{
    "fields": {
        "action_flag": 2,
        "action_time": "2015-10-20T11:55:07Z",
        "object_repr": "\u041d\u0430\u0437\u0430\u0440  \u041c\u0435\u043b\u044c\u043d\u0438\u0447\u0443\u043a",
        "object_id": "3",
        "change_message": "\u0417\u043c\u0456\u043d\u0435\u043d\u043e ticket \u0442\u0430 student_group.",
        "user": 1,
        "content_type": 7
    },
    "model": "admin.logentry",
    "pk": 89
},
{
    "fields": {
        "action_flag": 2,
        "action_time": "2015-10-20T11:55:15Z",
        "object_repr": "\u041f\u0435\u0442\u0440\u043e \u041d\u0435\u0441\u043c\u0456\u0448\u043d\u0438\u0439",
        "object_id": "16",
        "change_message": "\u0417\u043c\u0456\u043d\u0435\u043d\u043e ticket \u0442\u0430 student_group.",
        "user": 1,
        "content_type": 7
    },
    "model": "admin.logentry",
    "pk": 90
},
{
    "fields": {
        "action_flag": 2,
        "action_time": "2015-10-20T11:55:37Z",
        "object_repr": "\u0406\u0433\u043e\u0440 \u041f\u0440\u043e\u0449\u0443\u043a",
        "object_id": "17",
        "change_message": "\u0417\u043c\u0456\u043d\u0435\u043d\u043e first_name, last_name, ticket \u0442\u0430 student_group.",
        "user": 1,
        "content_type": 7
    },
    "model": "admin.logentry",
    "pk": 91
},
{
    "fields": {
        "action_flag": 2,
        "action_time": "2015-10-20T11:55:47Z",
        "object_repr": "\u041b\u044e\u0431\u043e\u043c\u0438\u0440 \u041e\u043f\u0430\u043d\u043e\u0432\u0438\u0447",
        "object_id": "4",
        "change_message": "\u0417\u043c\u0456\u043d\u0435\u043d\u043e ticket \u0442\u0430 student_group.",
        "user": 1,
        "content_type": 7
    },
    "model": "admin.logentry",
    "pk": 92
},
{
    "fields": {
        "action_flag": 2,
        "action_time": "2015-10-20T11:56:05Z",
        "object_repr": "\u0406\u0433\u043e\u0440 \u041d\u0430\u043b\u0438\u0432\u0430\u0439\u0447\u0435\u043d\u043a\u043e",
        "object_id": "18",
        "change_message": "\u0417\u043c\u0456\u043d\u0435\u043d\u043e last_name, ticket \u0442\u0430 student_group.",
        "user": 1,
        "content_type": 7
    },
    "model": "admin.logentry",
    "pk": 93
},
{
    "fields": {
        "action_flag": 2,
        "action_time": "2015-10-20T11:56:32Z",
        "object_repr": "\u041f\u0435\u0442\u0440\u043e \u0421\u043c\u0456\u0448\u043d\u0438\u0439",
        "object_id": "15",
        "change_message": "\u0417\u043c\u0456\u043d\u0435\u043d\u043e ticket \u0442\u0430 student_group.",
        "user": 1,
        "content_type": 7
    },
    "model": "admin.logentry",
    "pk": 94
},
{
    "fields": {
        "action_flag": 2,
        "action_time": "2015-10-20T11:56:47Z",
        "object_repr": "\u0420\u043e\u043c\u0430\u043d \u0412\u043e\u0432\u043a",
        "object_id": "20",
        "change_message": "\u0417\u043c\u0456\u043d\u0435\u043d\u043e first_name, last_name, ticket \u0442\u0430 student_group.",
        "user": 1,
        "content_type": 7
    },
    "model": "admin.logentry",
    "pk": 95
},
{
    "fields": {
        "action_flag": 2,
        "action_time": "2015-10-20T11:57:09Z",
        "object_repr": "\u0410\u0434\u0440\u0456\u0430\u043d \u042f\u0432\u043e\u0440\u0441\u044c\u043a\u0438\u0439",
        "object_id": "22",
        "change_message": "\u0417\u043c\u0456\u043d\u0435\u043d\u043e last_name, ticket \u0442\u0430 student_group.",
        "user": 1,
        "content_type": 7
    },
    "model": "admin.logentry",
    "pk": 96
},
{
    "fields": {
        "action_flag": 1,
        "action_time": "2015-10-20T11:57:30Z",
        "object_repr": "\u041f\u0430\u0432\u043b\u043e \u0428\u0438\u043d\u0430\u043b\u044c",
        "object_id": "27",
        "change_message": "",
        "user": 1,
        "content_type": 7
    },
    "model": "admin.logentry",
    "pk": 97
},
{
    "fields": {
        "action_flag": 1,
        "action_time": "2015-10-20T11:58:04Z",
        "object_repr": "\u041c\u0438\u043a\u043e\u043b\u0430 \u042f\u0440\u0435\u043c\u0447\u0443\u043a",
        "object_id": "28",
        "change_message": "",
        "user": 1,
        "content_type": 7
    },
    "model": "admin.logentry",
    "pk": 98
},
{
    "fields": {
        "action_flag": 1,
        "action_time": "2015-10-20T11:58:39Z",
        "object_repr": "\u0411\u043e\u0433\u0434\u0430\u043d \u0422\u043a\u0430\u0447",
        "object_id": "29",
        "change_message": "",
        "user": 1,
        "content_type": 7
    },
    "model": "admin.logentry",
    "pk": 99
},
{
    "fields": {
        "action_flag": 1,
        "action_time": "2015-10-20T11:59:09Z",
        "object_repr": "\u0411\u043e\u0433\u0434\u0430\u043d \u041d\u043e\u0432\u043e\u0441\u0430\u0434",
        "object_id": "30",
        "change_message": "",
        "user": 1,
        "content_type": 7
    },
    "model": "admin.logentry",
    "pk": 100
},
{
    "fields": {
        "action_flag": 1,
        "action_time": "2015-10-20T11:59:48Z",
        "object_repr": "\u0421\u0435\u0440\u0433\u0456\u0439 \u0414\u0430\u0445\u043d\u0456\u0439",
        "object_id": "31",
        "change_message": "",
        "user": 1,
        "content_type": 7
    },
    "model": "admin.logentry",
    "pk": 101
},
{
    "fields": {
        "action_flag": 1,
        "action_time": "2015-10-20T12:00:57Z",
        "object_repr": "\u0420\u043e\u043c\u0430\u043d \u0411\u043e\u0440\u043e\u0432\u0435\u0446\u044c",
        "object_id": "32",
        "change_message": "",
        "user": 1,
        "content_type": 7
    },
    "model": "admin.logentry",
    "pk": 102
},
{
    "fields": {
        "action_flag": 1,
        "action_time": "2015-10-20T12:01:15Z",
        "object_repr": "\u041c\u0430\u0440\u0438\u043d\u0430 \u041f\u0430\u0449\u0435\u043d\u043a\u043e",
        "object_id": "33",
        "change_message": "",
        "user": 1,
        "content_type": 7
    },
    "model": "admin.logentry",
    "pk": 103
},
{
    "fields": {
        "action_flag": 1,
        "action_time": "2015-10-20T12:01:32Z",
        "object_repr": "\u0413\u0430\u043b\u0438\u043d\u0430 \u0421\u0442\u0430\u0445\u043e\u0432\u0430",
        "object_id": "34",
        "change_message": "",
        "user": 1,
        "content_type": 7
    },
    "model": "admin.logentry",
    "pk": 104
},
{
    "fields": {
        "action_flag": 1,
        "action_time": "2015-10-20T12:02:03Z",
        "object_repr": "\u0411\u043e\u0433\u0434\u0430\u043d \u0420\u0435\u0432\u0435\u043d\u043e\u043a",
        "object_id": "35",
        "change_message": "",
        "user": 1,
        "content_type": 7
    },
    "model": "admin.logentry",
    "pk": 105
},
{
    "fields": {
        "action_flag": 1,
        "action_time": "2015-10-20T12:02:46Z",
        "object_repr": "\u041e\u043b\u0435\u043d\u0430 \u0428\u0430\u043f\u0456\u0440\u043e",
        "object_id": "36",
        "change_message": "",
        "user": 1,
        "content_type": 7
    },
    "model": "admin.logentry",
    "pk": 106
},
{
    "fields": {
        "action_flag": 1,
        "action_time": "2015-10-20T12:03:12Z",
        "object_repr": "\u0410\u043d\u043d\u0430 \u0413\u0430\u043c\u043e\u0440\u0430",
        "object_id": "37",
        "change_message": "",
        "user": 1,
        "content_type": 7
    },
    "model": "admin.logentry",
    "pk": 107
},
{
    "fields": {
        "action_flag": 1,
        "action_time": "2015-10-20T12:03:53Z",
        "object_repr": "\u0420\u043e\u043c\u0430\u043d \u0411\u0435\u043a\u0435\u0440\u0441\u044c\u043a\u0438\u0439",
        "object_id": "38",
        "change_message": "",
        "user": 1,
        "content_type": 7
    },
    "model": "admin.logentry",
    "pk": 108
},
{
    "fields": {
        "action_flag": 1,
        "action_time": "2015-10-20T12:04:37Z",
        "object_repr": "\u041b\u044e\u0431\u043e\u043c\u0438\u0440 \u0421\u0456\u043a\u043e\u0440\u0430",
        "object_id": "39",
        "change_message": "",
        "user": 1,
        "content_type": 7
    },
    "model": "admin.logentry",
    "pk": 109
},
{
    "fields": {
        "action_flag": 1,
        "action_time": "2015-10-20T12:04:58Z",
        "object_repr": "\u0406\u0433\u043e\u0440 \u041d\u0435\u043c\u0438\u0442\u0438\u0439",
        "object_id": "40",
        "change_message": "",
        "user": 1,
        "content_type": 7
    },
    "model": "admin.logentry",
    "pk": 110
},
{
    "fields": {
        "action_flag": 1,
        "action_time": "2015-10-20T12:06:03Z",
        "object_repr": "\u041e\u0441\u0442\u0430\u043f \u0413\u0430\u0432\u0440\u0438\u043b\u044e\u043a",
        "object_id": "41",
        "change_message": "",
        "user": 1,
        "content_type": 7
    },
    "model": "admin.logentry",
    "pk": 111
},
{
    "fields": {
        "action_flag": 1,
        "action_time": "2015-10-20T12:06:28Z",
        "object_repr": "\u041c\u0438\u043a\u043e\u043b\u0430 \u041f\u043e\u0445\u0443\u0434\u0430\u0439",
        "object_id": "42",
        "change_message": "",
        "user": 1,
        "content_type": 7
    },
    "model": "admin.logentry",
    "pk": 112
},
{
    "fields": {
        "action_flag": 1,
        "action_time": "2015-10-20T12:06:57Z",
        "object_repr": "\u0422\u0430\u0440\u0430\u0441 \u041e\u0441\u0430\u0434\u0446\u0430",
        "object_id": "43",
        "change_message": "",
        "user": 1,
        "content_type": 7
    },
    "model": "admin.logentry",
    "pk": 113
},
{
    "fields": {
        "action_flag": 1,
        "action_time": "2015-10-20T12:07:15Z",
        "object_repr": "\u0412\u0430\u0441\u0438\u043b\u044c  \u0421\u0438\u043c\u043e\u043d\u0435\u043d\u043a\u043e",
        "object_id": "44",
        "change_message": "",
        "user": 1,
        "content_type": 7
    },
    "model": "admin.logentry",
    "pk": 114
},
{
    "fields": {
        "action_flag": 1,
        "action_time": "2015-10-20T12:07:36Z",
        "object_repr": "\u0410\u043d\u0434\u0440\u0456\u0439 \u041a\u043e\u043f\u043e\u043b\u043e\u0432\u0435\u0446\u044c",
        "object_id": "45",
        "change_message": "",
        "user": 1,
        "content_type": 7
    },
    "model": "admin.logentry",
    "pk": 115
},
{
    "fields": {
        "action_flag": 1,
        "action_time": "2015-10-20T12:07:58Z",
        "object_repr": "\u0422\u0430\u0440\u0430\u0441  \u0411\u0435\u0437\u043f\u0430\u043b\u044c\u043a\u043e",
        "object_id": "46",
        "change_message": "",
        "user": 1,
        "content_type": 7
    },
    "model": "admin.logentry",
    "pk": 116
},
{
    "fields": {
        "action_flag": 1,
        "action_time": "2015-10-20T12:08:19Z",
        "object_repr": "\u041e\u043b\u0435\u0433 \u0411\u0430\u0446\u0438\u043a",
        "object_id": "47",
        "change_message": "",
        "user": 1,
        "content_type": 7
    },
    "model": "admin.logentry",
    "pk": 117
},
{
    "fields": {
        "action_flag": 1,
        "action_time": "2015-10-20T12:08:44Z",
        "object_repr": "\u0412\u043e\u043b\u043e\u0434\u0438\u043c\u0438\u0440 \u0411\u0430\u0441",
        "object_id": "48",
        "change_message": "",
        "user": 1,
        "content_type": 7
    },
    "model": "admin.logentry",
    "pk": 118
},
{
    "fields": {
        "action_flag": 1,
        "action_time": "2015-10-20T12:09:13Z",
        "object_repr": "\u0406\u043b\u043b\u044f \u041f\u0440\u0438\u0439\u043c\u0430",
        "object_id": "49",
        "change_message": "",
        "user": 1,
        "content_type": 7
    },
    "model": "admin.logentry",
    "pk": 119
},
{
    "fields": {
        "action_flag": 2,
        "action_time": "2015-10-20T12:11:06Z",
        "object_repr": "\u041a\u041d-20 (\u0420\u043e\u043c\u0430\u043d \u0411\u043e\u0440\u043e\u0432\u0435\u0446\u044c)",
        "object_id": "3",
        "change_message": "\u0417\u043c\u0456\u043d\u0435\u043d\u043e leader.",
        "user": 1,
        "content_type": 8
    },
    "model": "admin.logentry",
    "pk": 120
},
{
    "fields": {
        "action_flag": 2,
        "action_time": "2015-10-20T12:11:25Z",
        "object_repr": "\u041a\u041d-21 (\u0411\u043e\u0433\u0434\u0430\u043d \u0420\u0435\u0432\u0435\u043d\u043e\u043a)",
        "object_id": "2",
        "change_message": "\u0417\u043c\u0456\u043d\u0435\u043d\u043e leader.",
        "user": 1,
        "content_type": 8
    },
    "model": "admin.logentry",
    "pk": 121
},
{
    "fields": {
        "action_flag": 2,
        "action_time": "2015-10-20T12:11:43Z",
        "object_repr": "\u041a\u041d-23 (\u041b\u044e\u0431\u043e\u043c\u0438\u0440 \u0421\u0456\u043a\u043e\u0440\u0430)",
        "object_id": "10",
        "change_message": "\u0417\u043c\u0456\u043d\u0435\u043d\u043e leader.",
        "user": 1,
        "content_type": 8
    },
    "model": "admin.logentry",
    "pk": 122
},
{
    "fields": {
        "action_flag": 2,
        "action_time": "2015-10-20T12:11:56Z",
        "object_repr": "\u041a\u041d-30 (\u041e\u043b\u044f \u0411\u0443\u0440\u0430)",
        "object_id": "5",
        "change_message": "\u0417\u043c\u0456\u043d\u0435\u043d\u043e leader.",
        "user": 1,
        "content_type": 8
    },
    "model": "admin.logentry",
    "pk": 123
},
{
    "fields": {
        "action_flag": 2,
        "action_time": "2015-10-20T12:12:14Z",
        "object_repr": "\u041a\u041d-31 (\u041d\u0430\u0437\u0430\u0440  \u041c\u0435\u043b\u044c\u043d\u0438\u0447\u0443\u043a)",
        "object_id": "6",
        "change_message": "\u0417\u043c\u0456\u043d\u0435\u043d\u043e leader.",
        "user": 1,
        "content_type": 8
    },
    "model": "admin.logentry",
    "pk": 124
},
{
    "fields": {
        "action_flag": 2,
        "action_time": "2015-10-20T12:12:39Z",
        "object_repr": "\u041a\u041d-32 (\u041f\u0430\u0432\u043b\u043e \u0428\u0438\u043d\u0430\u043b\u044c)",
        "object_id": "7",
        "change_message": "\u0417\u043c\u0456\u043d\u0435\u043d\u043e leader.",
        "user": 1,
        "content_type": 8
    },
    "model": "admin.logentry",
    "pk": 125
},
{
    "fields": {
        "action_flag": 2,
        "action_time": "2015-10-20T12:12:57Z",
        "object_repr": "\u041a\u041d-40 (\u0422\u0430\u0440\u0430\u0441 \u041e\u0441\u0430\u0434\u0446\u0430)",
        "object_id": "8",
        "change_message": "\u0417\u043c\u0456\u043d\u0435\u043d\u043e leader.",
        "user": 1,
        "content_type": 8
    },
    "model": "admin.logentry",
    "pk": 126
},
{
    "fields": {
        "action_flag": 2,
        "action_time": "2015-10-20T12:13:17Z",
        "object_repr": "\u041a\u041d-41 (\u0410\u043d\u0434\u0440\u0456\u0439 \u041a\u043e\u043f\u043e\u043b\u043e\u0432\u0435\u0446\u044c)",
        "object_id": "9",
        "change_message": "\u0417\u043c\u0456\u043d\u0435\u043d\u043e leader.",
        "user": 1,
        "content_type": 8
    },
    "model": "admin.logentry",
    "pk": 127
},
{
    "fields": {
        "action_flag": 2,
        "action_time": "2015-10-20T12:13:31Z",
        "object_repr": "\u041a\u041d-42 (\u0406\u043b\u043b\u044f \u041f\u0440\u0438\u0439\u043c\u0430)",
        "object_id": "4",
        "change_message": "\u0417\u043c\u0456\u043d\u0435\u043d\u043e leader.",
        "user": 1,
        "content_type": 8
    },
    "model": "admin.logentry",
    "pk": 128
},
{
    "fields": {
        "action_flag": 1,
        "action_time": "2015-10-20T12:18:48Z",
        "object_repr": "\u042e\u0440\u0456\u0439 \u0426\u0438\u043c\u0431\u0430\u043b",
        "object_id": "4",
        "change_message": "",
        "user": 1,
        "content_type": 14
    },
    "model": "admin.logentry",
    "pk": 129
},
{
    "fields": {
        "action_flag": 2,
        "action_time": "2015-10-20T12:19:01Z",
        "object_repr": "\u041e\u043b\u0435\u043a\u0441\u0430\u043d\u0434\u0440 \u041a\u0443\u0437\u044c\u043c\u0456\u043d",
        "object_id": "1",
        "change_message": "\u0417\u043c\u0456\u043d\u0435\u043d\u043e subject.",
        "user": 1,
        "content_type": 14
    },
    "model": "admin.logentry",
    "pk": 130
},
{
    "fields": {
        "action_flag": 1,
        "action_time": "2015-10-20T12:19:31Z",
        "object_repr": "\u0404\u0432\u0433\u0435\u043d \u0421\u0442\u0440\u0443\u043a",
        "object_id": "5",
        "change_message": "",
        "user": 1,
        "content_type": 14
    },
    "model": "admin.logentry",
    "pk": 131
},
{
    "fields": {
        "action_flag": 1,
        "action_time": "2015-10-20T12:20:09Z",
        "object_repr": "\u0417\u043e\u0440\u0435\u0441\u043b\u0430\u0432\u0430 \u0428\u043f\u0430\u043a",
        "object_id": "6",
        "change_message": "",
        "user": 1,
        "content_type": 14
    },
    "model": "admin.logentry",
    "pk": 132
},
{
    "fields": {
        "action_flag": 1,
        "action_time": "2015-10-20T12:22:03Z",
        "object_repr": "\u041a\u0432\u0456\u0442\u043e\u0441\u043b\u0430\u0432\u0430 \u041e\u0431\u0435\u043b\u044c\u043e\u0432\u0441\u044c\u043a\u0430",
        "object_id": "7",
        "change_message": "",
        "user": 1,
        "content_type": 14
    },
    "model": "admin.logentry",
    "pk": 133
},
{
    "fields": {
        "action_flag": 1,
        "action_time": "2015-10-20T12:22:45Z",
        "object_repr": "\u041b\u044e\u0434\u0432\u0456\u0433 \u0424\u0430\u0431\u0440\u0456",
        "object_id": "8",
        "change_message": "",
        "user": 1,
        "content_type": 14
    },
    "model": "admin.logentry",
    "pk": 134
},
{
    "fields": {
        "action_flag": 1,
        "action_time": "2015-10-20T12:23:46Z",
        "object_repr": "\u041b\u044e\u0431\u043e\u043c\u0438\u0440 \u0421\u0456\u043a\u043e\u0440\u0430",
        "object_id": "9",
        "change_message": "",
        "user": 1,
        "content_type": 14
    },
    "model": "admin.logentry",
    "pk": 135
},
{
    "fields": {
        "action_flag": 2,
        "action_time": "2015-10-20T12:24:43Z",
        "object_repr": "\u0422\u0435\u043e\u0440\u0456\u044f \u043f\u0440\u0438\u0439\u043d\u044f\u0442\u0442\u044f \u0440\u0456\u0448\u0435\u043d\u044c (\u0410\u043d\u0430\u0442\u043e\u043b\u0456\u0439  \u0411\u0430\u0442\u044e\u043a )",
        "object_id": "9",
        "change_message": "\u0417\u043c\u0456\u043d\u0435\u043d\u043e date.",
        "user": 1,
        "content_type": 11
    },
    "model": "admin.logentry",
    "pk": 136
},
{
    "fields": {
        "action_flag": 2,
        "action_time": "2015-10-20T12:26:13Z",
        "object_repr": "\u041e\u0431'\u0454\u043a\u0442\u043d\u043e-\u043e\u0440\u0456\u0454\u043d\u0442\u043e\u0432\u0430\u043d\u0435 \u043f\u0440\u043e\u0433\u0440\u0430\u043c\u0443\u0432\u0430\u043d\u043d\u044f (\u042e\u0440\u0456\u0439 \u0426\u0438\u043c\u0431\u0430\u043b)",
        "object_id": "16",
        "change_message": "\u0417\u043c\u0456\u043d\u0435\u043d\u043e name, date \u0442\u0430 exam_teacher.",
        "user": 1,
        "content_type": 11
    },
    "model": "admin.logentry",
    "pk": 137
}
]
